expediente,delito,_delito
CFP 3732/2016,ASOCIACION ILÍCITA,ASOCIACION ILICITA
CFP 3732/2016,REGISTRO IRREGULAR DE OPERACIONES FINANCIERAS,INFRACCIÓN ART. 311
CFP 3732/2016,OTROS,PRIMER PÁRRAFO DEL C.P. SEGÚN LEY 26.733
CFP 3732/2016,LAVADO DE ACTIVOS,INFRACCION ART. 303
CFP 3732/2016,NEGOCIACIONES INCOMPATIBLES CON EL EJERCICIO DE FUNCIONES PÚBLICAS,NEGOCIACIONES INCOMPATIBLES (ART.265)
CFP 10408/2010,PRIVACIÓN ILEGAL DE LA LIBERTAD AGRAVADA POR LA FORMA O FIN,PRIVACION ILEGAL LIBERTAD AGRAVADA (ART.142 INC.1)
CFP 10408/2010,COACCIONES,COACCION (ART. 149 BIS)
CFP 3993/2007,PRIVACIÓN ABUSIVA DE LIBERTAD,PRIVACION ILEGAL DE LIBERTAD (ART.144 BIS INC.1)
CFP 6085/2014,DEFRAUDACION AGRAVADA POR FRAUDE EN PERJUICIO DE LA ADMINISTRACION PÚBLICA,DEFRAUDACION CONTRA LA ADMINISTRACION PUBLICA
CFP 6085/2014,ADMINISTRACION FRAUDULENTA,DEFRAUDACION POR ADMINISTRACION FRAUDULENTA
CFP 6085/2014,USO DE DOCUMENTO FALSIFICADO O ADULTERADO,USO DE DOCUMENTO ADULTERADO O FALSO (ART.296)
CFP 6085/2014,AVERIGUACIÓN DE DELITO,AVERIGUACION DE DELITO
CFP 3017/2013,ASOCIACION ILÍCITA,ASOCIACION ILICITA
CFP 3017/2013,ENCUBRIMIENTO,ENCUBRIMIENTO (ART.277)
CFP 6582/2016,NEGOCIACIONES INCOMPATIBLES CON EL EJERCICIO DE FUNCIONES PÚBLICAS,NEGOCIACIONES INCOMPATIBLES (ART.265)
CFP 6582/2016,MALVERSACIÓN DE CAUDALES PÚBLICOS,MALVERSACION DE CAUDALES PUBLICOS (ART.260)
CFP 6582/2016,OMISIÓN O RETARDO DE ACTO DE ALGÚN OFICIO,INCUMPLIM. DE AUTOR.Y VIOL.DEB.FUNC.PUBL.(ART.249)
CFP 6582/2016,DEFRAUDACION,DEFRAUDACION
CFP 1495/2016,DEFRAUDACION AGRAVADA POR FRAUDE EN PERJUICIO DE LA ADMINISTRACION PÚBLICA,DEFRAUDACION CONTRA LA ADMINISTRACION PUBLICA
CFP 1614/2016,ASOCIACION ILÍCITA,ASOCIACION ILICITA
CFP 1614/2016,ADMINISTRACION FRAUDULENTA,DEFRAUDACION POR ADMINISTRACION FRAUDULENTA
CFP 17402/2017,FALSIFICACIÓN O ADULTERACIÓN DE INSTRUMENTOS PÚBLICOS,FALSIFICACION DOCUMENTOS PUBLICOS
CFP 17402/2017,ESTAFA,ESTAFA
CFP 10456/2014,DEFRAUDACION AGRAVADA POR FRAUDE EN PERJUICIO DE LA ADMINISTRACION PÚBLICA,DEFRAUDACION CONTRA LA ADMINISTRACION PUBLICA
CFP 10456/2014,ADMINISTRACION FRAUDULENTA,DEFRAUDACION POR ADMINISTRACION FRAUDULENTA
CFP 7148/2020,FALSIFICACIÓN O ADULTERACIÓN DE INSTRUMENTOS PÚBLICOS,FALSIFICACION DOCUMENTOS PUBLICOS
CFP 7148/2020,LAVADO DE ACTIVOS,INFRACCION ART. 303
CFP 4943/2016,DEFRAUDACION AGRAVADA POR FRAUDE EN PERJUICIO DE LA ADMINISTRACION PÚBLICA,DEFRAUDACION CONTRA LA ADMINISTRACION PUBLICA
CFP 11243/2016,LAVADO DE ACTIVOS,INFRACCION ART. 303
CFP 11243/2016,ENRIQUECIMIENTO ILÍCITO DE FUNCIONARIO PÚBLICO,ENRIQUECIMIENTO ILICITO (ART.268 INC.2)
CFP 11243/2016,NEGOCIACIONES INCOMPATIBLES CON EL EJERCICIO DE FUNCIONES PÚBLICAS,NEGOCIACIONES INCOMPATIBLES (ART.265)
CFP 11060/2013,LAVADO DE ACTIVOS,INFRACCION ART. 303
CFP 11060/2013,DEFRAUDACION AGRAVADA POR FRAUDE EN PERJUICIO DE LA ADMINISTRACION PÚBLICA,DEFRAUDACION CONTRA LA ADMINISTRACION PUBLICA
CFP 11060/2013,COHECHO,COHECHO
CFP 21029/2018,LAVADO DE ACTIVOS,INFRACCION ART. 303
CFP 17459/2018,ASOCIACION ILÍCITA,ASOCIACION ILICITA
CFP 8991/2019,ABUSO DE AUTORIDAD Y VIOLACIÓN A LOS DEBERES DE FUNCIONARIOS PÚBLICOS ,ABUSO DE AUTORIDAD Y VIOL. DEB.FUNC.PUBL.(ART.248)
CFP 8991/2019,ASOCIACION ILÍCITA,ASOCIACION ILICITA
CFP 8991/2019,NEGOCIACIONES INCOMPATIBLES CON EL EJERCICIO DE FUNCIONES PÚBLICAS,NEGOCIACIONES INCOMPATIBLES (ART.265)
CFP 8991/2019,OMISIÓN O RETARDO DE ACTO DE ALGÚN OFICIO,INCUMPLIM. DE AUTOR.Y VIOL.DEB.FUNC.PUBL.(ART.249)
CFP 13816/2018,COHECHO,COHECHO
CFP 13816/2018,ADMISIÓN DE DÁDIVAS,ACEPTACION DE DADIVA
CFP 14216/2003,,INF. ART. 144 BIS INC.1 - ULTIMO PARRAFO - SEGÚN LEY 14.616
CFP 14216/2003,,INF. ART. 144 BIS INC.1 Y ULTIMO PARRAFO - SEGÚN LEY 14.616 EN FUNCION DEL ART 142. INC 1 - LEY 20.642
CFP 7273/2006,PRIVACIÓN ABUSIVA DE LIBERTAD,PRIVACION ILEGAL DE LIBERTAD (ART.144 BIS INC.1)
CFP 14217/2003,OTROS,DELITO DE ACCION PUBLICA
CFP 5530/2012,HOMICIDIO AGRAVADO POR SU MODO DE COMISIÓN,HOMICIDIO AGRAVADO CON ENSAÑAMIENTO - ALEVOSIA
CFP 5530/2012,PRIVACIÓN ABUSIVA DE LIBERTAD,PRIVACION ILEGAL DE LIBERTAD (ART.144 BIS INC.1)
CFP 7302/2016,NEGOCIACIONES INCOMPATIBLES CON EL EJERCICIO DE FUNCIONES PÚBLICAS,NEGOCIACIONES INCOMPATIBLES (ART.265)
CFP 7302/2016,MALVERSACIÓN DE CAUDALES PÚBLICOS,MALVERSACION DE CAUDALES PUBLICOS (ART.260)
CFP 7302/2016,ABUSO DE AUTORIDAD Y VIOLACIÓN A LOS DEBERES DE FUNCIONARIOS PÚBLICOS ,ABUSO DE AUTORIDAD Y VIOL. DEB.FUNC.PUBL.(ART.248)
CFP 7302/2016,MALVERSACIÓN DE CAUDALES PÚBLICOS CULPOSA,MALVERSACION CULPOSA
CFP 7302/2016,OMISIÓN O RETARDO DE ACTO DE ALGÚN OFICIO,INCUMPLIM. DE AUTOR.Y VIOL.DEB.FUNC.PUBL.(ART.249)
CFP 9608/2018,ASOCIACION ILÍCITA,ASOCIACION ILICITA
CFP 2752/2015,AVERIGUACIÓN DE DELITO,AVERIGUACION DE DELITO
CFP 12594/2014,ABUSO DE AUTORIDAD Y VIOLACIÓN A LOS DEBERES DE FUNCIONARIOS PÚBLICOS ,ABUSO DE AUTORIDAD Y VIOL. DEB.FUNC.PUBL.(ART.248)
CFP 10431/2016,DEFRAUDACION AGRAVADA POR FRAUDE EN PERJUICIO DE LA ADMINISTRACION PÚBLICA,DEFRAUDACION CONTRA LA ADMINISTRACION PUBLICA
CFP 10431/2016,ADMINISTRACION FRAUDULENTA,DEFRAUDACION POR ADMINISTRACION FRAUDULENTA
CFP 3634/2021,VIOLACION DE MEDIDAS-PROPAGACION EPIDEMIA,VIOLACION DE MEDIDAS-PROPAGACION EPIDEMIA(ART.205)
CFP 3634/2021,RESISTENCIA O DESOBEDIENCIA A UN FUNCIONARIO PÚBLICO,RESISTENCIA O DESOBEDIENCIA A FUNCIONARIO PUBLICO
CFP 9545/2016,AVERIGUACIÓN DE DELITO,AVERIGUACION DE DELITO
CFP 9155/2016,ASOCIACION ILÍCITA,ASOCIACION ILICITA
CFP 18579/2006,DEFRAUDACION AGRAVADA POR FRAUDE EN PERJUICIO DE LA ADMINISTRACION PÚBLICA,DEFRAUDACION CONTRA LA ADMINISTRACION PUBLICA
CFP 18579/2006,NEGOCIACIONES INCOMPATIBLES CON EL EJERCICIO DE FUNCIONES PÚBLICAS,NEGOCIACIONES INCOMPATIBLES (ART.265)
CFP 18579/2006,COHECHO,COHECHO
CFP 18579/2006,ASOCIACION ILÍCITA,ASOCIACION ILICITA
CFP 9862/2012,ENRIQUECIMIENTO ILÍCITO DE FUNCIONARIO PÚBLICO,ENRIQUECIMIENTO ILICITO (ART.268 INC.2)
CFP 9862/2012,OTROS,DELITO DE ACCION PUBLICA
CFP 14728/2016,ADMINISTRACION FRAUDULENTA,DEFRAUDACION POR ADMINISTRACION FRAUDULENTA
CFP 14728/2016,NEGOCIACIONES INCOMPATIBLES CON EL EJERCICIO DE FUNCIONES PÚBLICAS,NEGOCIACIONES INCOMPATIBLES (ART.265)
CFP 681/2022,VIOLACIÓN DE SECRETOS,VIOLACION DE SECRETOS
CFP 681/2022,COHECHO,COHECHO
CFP 681/2022,COHECHO ACTIVO,COHECHO ACTIVO
CFP 1848/2016,OMISIÓN O RETARDO DE ACTO DE ALGÚN OFICIO,INCUMPLIM. DE AUTOR.Y VIOL.DEB.FUNC.PUBL.(ART.249)
CFP 1848/2016,DEFRAUDACION AGRAVADA POR FRAUDE EN PERJUICIO DE LA ADMINISTRACION PÚBLICA,DEFRAUDACION CONTRA LA ADMINISTRACION PUBLICA
CFP 16165/2016,REMUNERACIÓN PRETEXTADA A UN JUEZ O FUNCIONARIO,DEFRAUDACION (ART.173 INC.10)
CFP 16165/2016,COHECHO,COHECHO PASIVO
CFP 16165/2016,COHECHO,COHECHO
CFP 16165/2016,COHECHO ACTIVO,COHECHO ACTIVO
CFP 2637/2004,HOMICIDIO AGRAVADO POR SU MODO DE COMISIÓN,HOMICIDIO AGRAVADO CON ENSAÑAMIENTO - ALEVOSIA
CFP 2637/2004,PRIVACIÓN ILEGAL DE LA LIBERTAD AGRAVADA POR LA FORMA O FIN,PRIVACION ILEGAL LIBERTAD AGRAVADA (ART.142 INC.1)
CFP 5406/2013,DEFRAUDACION AGRAVADA POR FRAUDE EN PERJUICIO DE LA ADMINISTRACION PÚBLICA,DEFRAUDACION CONTRA LA ADMINISTRACION PUBLICA
CFP 14492/2016,LAVADO DE ACTIVOS,INFRACCION ART. 303
CFP 9890/2016,ADMINISTRACION FRAUDULENTA,DEFRAUDACION POR ADMINISTRACION FRAUDULENTA
CFP 9890/2016,DEFRAUDACION AGRAVADA POR FRAUDE EN PERJUICIO DE LA ADMINISTRACION PÚBLICA,DEFRAUDACION CONTRA LA ADMINISTRACION PUBLICA
CFP 9890/2016,ABUSO DE AUTORIDAD Y VIOLACIÓN A LOS DEBERES DE FUNCIONARIOS PÚBLICOS ,ABUSO DE AUTORIDAD Y VIOL. DEB.FUNC.PUBL.(ART.248)
CFP 9890/2016,NEGOCIACIONES INCOMPATIBLES CON EL EJERCICIO DE FUNCIONES PÚBLICAS,NEGOCIACIONES INCOMPATIBLES (ART.265)
CFP 5048/2016,NEGOCIACIONES INCOMPATIBLES CON EL EJERCICIO DE FUNCIONES PÚBLICAS,NEGOCIACIONES INCOMPATIBLES (ART.265)
CFP 5048/2016,ABUSO DE AUTORIDAD Y VIOLACIÓN A LOS DEBERES DE FUNCIONARIOS PÚBLICOS ,ABUSO DE AUTORIDAD Y VIOL. DEB.FUNC.PUBL.(ART.248)
CFP 5048/2016,MALVERSACIÓN DE CAUDALES PÚBLICOS,MALVERSACION DE CAUDALES PUBLICOS (ART.260)
CFP 5048/2016,UTILIZACION DE INFORMACIÓN Y DATOS RESERVADOS,ENRIQUECIMIENTO ILICITO (ART.268 INC.1)
CFP 5048/2016,DEFRAUDACION AGRAVADA POR FRAUDE EN PERJUICIO DE LA ADMINISTRACION PÚBLICA,DEFRAUDACION CONTRA LA ADMINISTRACION PUBLICA
CFP 13648/2009,DEFRAUDACION AGRAVADA POR FRAUDE EN PERJUICIO DE LA ADMINISTRACION PÚBLICA,DEFRAUDACION CONTRA LA ADMINISTRACION PUBLICA
CFP 13648/2009,FALSEDAD IDEOLÓGICA EN DOCUMENTOS,FALSEDAD IDEOLOGICA
CFP 13648/2009,ESTAFA,ESTAFA
CFP 13648/2009,FALSEDADES RELACIONADAS A FACTURAS CONFORMADAS,FALSEDAD DE FACTURAS CONFORMADAS
CFP 8124/2014,AVERIGUACIÓN DE DELITO,AVERIGUACION DE DELITO
CFP 6522/2011,DEFRAUDACION AGRAVADA POR FRAUDE EN PERJUICIO DE LA ADMINISTRACION PÚBLICA,DEFRAUDACION CONTRA LA ADMINISTRACION PUBLICA
CFP 6522/2011,ADMINISTRACION FRAUDULENTA,DEFRAUDACION POR ADMINISTRACION FRAUDULENTA
CFP 6522/2011,ENCUBRIMIENTO,ENCUBRIMIENTO (ART.278)
CPE 514/2019,OTROS,INFRACCION LEY 24.769
CPE 514/2019,LAVADO DE ACTIVOS,INFRACCION ART. 303
CFP 3643/2019,DEFRAUDACION AGRAVADA POR FRAUDE EN PERJUICIO DE LA ADMINISTRACION PÚBLICA,DEFRAUDACION CONTRA LA ADMINISTRACION PUBLICA
CFP 2166/2002,USO DE DOCUMENTO FALSIFICADO O ADULTERADO,USO DE DOCUMENTO ADULTERADO O FALSO (ART.296)
CFP 2166/2002,FALSEDADES RELACIONADAS A FACTURAS CONFORMADAS,FALSEDAD DE FACTURAS CONFORMADAS
CFP 2166/2002,DEFRAUDACION AGRAVADA POR FRAUDE EN PERJUICIO DE LA ADMINISTRACION PÚBLICA,DEFRAUDACION CONTRA LA ADMINISTRACION PUBLICA
CFP 2166/2002,FALSIFICACIÓN O ADULTERACIÓN DE INSTRUMENTOS PÚBLICOS,FALSIFICACION DOCUMENTOS PUBLICOS
CFP 5554/2016,DEFRAUDACION AGRAVADA POR FRAUDE EN PERJUICIO DE LA ADMINISTRACION PÚBLICA,DEFRAUDACION CONTRA LA ADMINISTRACION PUBLICA
CFP 5554/2016,ADMINISTRACION FRAUDULENTA,DEFRAUDACION POR ADMINISTRACION FRAUDULENTA
CFP 840/2022,ROBO SIMPLE,ROBO
CFP 838/2022,ROBO SIMPLE,ROBO
CFP 16156/2016,AVERIGUACIÓN DE DELITO,AVERIGUACION DE DELITO
CFP 16156/2016,ABUSO DE AUTORIDAD Y VIOLACIÓN A LOS DEBERES DE FUNCIONARIOS PÚBLICOS ,ABUSO DE AUTORIDAD Y VIOL. DEB.FUNC.PUBL.(ART.248)
CFP 16156/2016,OMISIÓN O RETARDO DE ACTO DE ALGÚN OFICIO,INCUMPLIM. DE AUTOR.Y VIOL.DEB.FUNC.PUBL.(ART.249)
CFP 1376/2004,OTROS,OTROS
CFP 1787/2007,TRÁFICO DE MEDICAMENTOS O MERCADERÍAS PELIGROSAS PARA LA SALUD,TRAFICO MERCAD.PELIGROSAS P/SALUD *MOD LEY 26.524
CFP 1787/2007,FALSIFICACIÓN DE MARCAS,INFRACCION LEY 22.362
CFP 12222/2016,AVERIGUACIÓN DE DELITO,AVERIGUACION DE DELITO
CFP 1725/2010,DEFRAUDACION AGRAVADA POR FRAUDE EN PERJUICIO DE LA ADMINISTRACION PÚBLICA,DEFRAUDACION CONTRA LA ADMINISTRACION PUBLICA
CFP 1725/2010,PREVARICATO,PREVARICATO
CFP 1725/2010,ESTAFA,ESTAFA
CCC 8099/2015,ENCUBRIMIENTO,ENCUBRIMIENTO (ART.278)
CCC 8099/2015,"VEJACIONES, SEVERIDADES Y APREMIOS ILEGALES",VEJACION O APREMIOS ILEGALES (ART.144 BIS INC.2)
CCC 8099/2015,TORTURA SIMPLE,IMPOSICION DE TORTURA (ART.144 TER.INC.1)
CFP 11766/2009,INCITACIÓN A LA VIOLENCIA COLECTIVA,INCITACION A VIOLENCIA COLECTIVA
CFP 11766/2009,,COACCION AGRAVADA (ART.149 TER.INC.1)
CFP 11766/2009,AMENAZAS ,AMENAZAS
CFP 7888/2015,LAVADO DE ACTIVOS,INFRACCION ART. 303
CFP 7888/2015,DEFRAUDACION AGRAVADA POR FRAUDE EN PERJUICIO DE LA ADMINISTRACION PÚBLICA,DEFRAUDACION CONTRA LA ADMINISTRACION PUBLICA
CFP 11105/2012,OTROS,INFRACCION LEY 24.769
CFP 972/2016,AVERIGUACIÓN DE DELITO,AVERIGUACION DE DELITO
CFP 6254/2014,ESTAFA,ESTAFA
CFP 6254/2014,SECUESTRO EXTORSIVO,SECUESTRO EXTORSIVO
CFP 6254/2014,LAVADO DE ACTIVOS,INFRACCION ART. 303
CFP 6254/2014,EXTORSIÓN,EXTORSION
CFP 6254/2014,ASOCIACION ILÍCITA,ASOCIACION ILICITA
CFP 12544/2013,PRIVACIÓN ILEGAL DE LA LIBERTAD AGRAVADA POR LA FORMA O FIN,PRIVACION ILEGAL LIBERTAD AGRAVADA (ART.142 INC.1)
CFP 12544/2013,HOMICIDIO AGRAVADO CON EL CONCURSO PREMEDITADO DE DOS O MÁS PERSONAS,HOMICIDIO AGRAVADO P/EL CONC.DE DOS O MAS PERSONAS
CFP 6429/2010,OTROS,DELITO DE ACCION PUBLICA
CFP 20489/2018,NEGOCIACIONES INCOMPATIBLES CON EL EJERCICIO DE FUNCIONES PÚBLICAS,NEGOCIACIONES INCOMPATIBLES (ART.265)
CFP 20489/2018,COHECHO ACTIVO,COHECHO ACTIVO
CFP 20489/2018,DEFRAUDACION AGRAVADA POR FRAUDE EN PERJUICIO DE LA ADMINISTRACION PÚBLICA,DEFRAUDACION CONTRA LA ADMINISTRACION PUBLICA
CFP 20489/2018,OMISIÓN O RETARDO DE ACTO DE ALGÚN OFICIO,INCUMPLIM. DE AUTOR.Y VIOL.DEB.FUNC.PUBL.(ART.249)
CFP 20489/2018,ADMINISTRACION FRAUDULENTA,DEFRAUDACION POR ADMINISTRACION FRAUDULENTA
CFP 20489/2018,COHECHO,COHECHO
CFP 20489/2018,ABUSO DE AUTORIDAD Y VIOLACIÓN A LOS DEBERES DE FUNCIONARIOS PÚBLICOS ,ABUSO DE AUTORIDAD Y VIOL. DEB.FUNC.PUBL.(ART.248)
CFP 20489/2018,COHECHO,COHECHO PASIVO
CFP 2645/1998,ABUSO DE AUTORIDAD Y VIOLACIÓN A LOS DEBERES DE FUNCIONARIOS PÚBLICOS ,ABUSO DE AUTORIDAD Y VIOL. DEB.FUNC.PUBL.(ART.248)
CFP 2645/1998,ADMINISTRACION FRAUDULENTA,DEFRAUDACION POR ADMINISTRACION FRAUDULENTA
CFP 2645/1998,DEFRAUDACION AGRAVADA POR FRAUDE EN PERJUICIO DE LA ADMINISTRACION PÚBLICA,DEFRAUDACION CONTRA LA ADMINISTRACION PUBLICA
CFP 9326/2013,ABUSO DE AUTORIDAD Y VIOLACIÓN A LOS DEBERES DE FUNCIONARIOS PÚBLICOS ,ABUSO DE AUTORIDAD Y VIOL. DEB.FUNC.PUBL.(ART.248)
CFP 9326/2013,FALSIFICACIÓN O ADULTERACIÓN DE INSTRUMENTOS PÚBLICOS,FALSIFICACION DOCUMENTACION AUTOMOTOR
CFP 513/2021,ENRIQUECIMIENTO ILÍCITO DE FUNCIONARIO PÚBLICO,ENRIQUECIMIENTO ILICITO (ART.268 INC.2)
CFP 9539/2014,AVERIGUACIÓN DE DELITO,AVERIGUACION DE DELITO
CFP 7893/2013,OMISIÓN O RETARDO DE ACTO DE ALGÚN OFICIO,INCUMPLIM. DE AUTOR.Y VIOL.DEB.FUNC.PUBL.(ART.249)
CFP 7893/2013,MALVERSACIÓN DE CAUDALES PÚBLICOS,MALVERSACION DE CAUDALES PUBLICOS (ART.260)
CFP 7893/2013,PECULADO,MALVERSACION DE CAUDALES PUBLICOS (ART.261)
CFP 7893/2013,MALVERSACIÓN DE CAUDALES PÚBLICOS CULPOSA,MALVERSACION CULPOSA
CFP 2995/2020,CONSULTAR,DAÑOS
CFP 2995/2020,ABUSO DE AUTORIDAD Y VIOLACIÓN A LOS DEBERES DE FUNCIONARIOS PÚBLICOS ,ABUSO DE AUTORIDAD Y VIOL. DEB.FUNC.PUBL.(ART.248)
CFP 2995/2020,FALSEDAD IDEOLÓGICA EN DOCUMENTOS,FALSEDAD IDEOLOGICA
CFP 5372/2016,DEFRAUDACION AGRAVADA POR FRAUDE EN PERJUICIO DE LA ADMINISTRACION PÚBLICA,DEFRAUDACION CONTRA LA ADMINISTRACION PUBLICA
CFP 2666/2021,UTILIZACION DE INFORMACIÓN Y DATOS RESERVADOS,ENRIQUECIMIENTO ILICITO (ART.268 INC.1)
CFP 2666/2021,LAVADO DE ACTIVOS,INFRACCION ART. 303
CFP 11200/2010,FALSIFICACIÓN O ADULTERACIÓN DE INSTRUMENTOS PÚBLICOS,FALSIFICACION DOCUMENTOS PUBLICOS
CFP 7797/2017,,INFRACCION LEY 23.554
CFP 980/2022,AVERIGUACIÓN DE DELITO,AVERIGUACION DE DELITO
CFP 6204/2011,DEFRAUDACION AGRAVADA POR FRAUDE EN PERJUICIO DE LA ADMINISTRACION PÚBLICA,DEFRAUDACION CONTRA LA ADMINISTRACION PUBLICA
CFP 6204/2011,ABUSO DE AUTORIDAD Y VIOLACIÓN A LOS DEBERES DE FUNCIONARIOS PÚBLICOS ,ABUSO DE AUTORIDAD Y VIOL. DEB.FUNC.PUBL.(ART.248)
CFP 6204/2011,ENCUBRIMIENTO,ENCUBRIMIENTO (ART 278 - 1 INC A))
CFP 11384/2013,ESTAFA,ESTAFA
CFP 9630/2016,AVERIGUACIÓN DE DELITO,AVERIGUACION DE DELITO
CCC 22406/2016,OTROS,MUERTE POR CAUSA DUDOSA
CFP 3519/2021,VIOLACION DE MEDIDAS-PROPAGACION EPIDEMIA,VIOLACION DE MEDIDAS-PROPAGACION EPIDEMIA(ART.205)
CFP 3519/2021,RESISTENCIA O DESOBEDIENCIA A UN FUNCIONARIO PÚBLICO,RESISTENCIA O DESOBEDIENCIA A FUNCIONARIO PUBLICO
CFP 3526/2021,RESISTENCIA O DESOBEDIENCIA A UN FUNCIONARIO PÚBLICO,RESISTENCIA O DESOBEDIENCIA A FUNCIONARIO PUBLICO
CFP 3526/2021,VIOLACION DE MEDIDAS-PROPAGACION EPIDEMIA,VIOLACION DE MEDIDAS-PROPAGACION EPIDEMIA(ART.205)
CFP 2337/2015,ADMINISTRACION FRAUDULENTA,DEFRAUDACION POR ADMINISTRACION FRAUDULENTA
CFP 2337/2015,DEFRAUDACION AGRAVADA POR FRAUDE EN PERJUICIO DE LA ADMINISTRACION PÚBLICA,DEFRAUDACION CONTRA LA ADMINISTRACION PUBLICA
CFP 2337/2015,MALVERSACIÓN DE CAUDALES PÚBLICOS,MALVERSACION DE CAUDALES PUBLICOS (ART.260)
CFP 2337/2015,ABUSO DE AUTORIDAD Y VIOLACIÓN A LOS DEBERES DE FUNCIONARIOS PÚBLICOS ,ABUSO DE AUTORIDAD Y VIOL. DEB.FUNC.PUBL.(ART.248)
CFP 2337/2015,PECULADO,MALVERSACION DE CAUDALES PUBLICOS (ART.261)
CFP 11352/2014,LAVADO DE ACTIVOS,INFRACCION ART. 303
CFP 13279/2012,DEFRAUDACIÓN MEDIANTE EL USO DE UNA TARJETA DE COMPRA,DEFRAUDACION (ART.173 INC.15)
CFP 13279/2012,USO DE DOCUMENTO FALSIFICADO O ADULTERADO,USO DE DOCUMENTO ADULTERADO O FALSO (ART.296)
CFP 15026/2003,FALSEDAD IDEOLÓGICA EN DOCUMENTOS,FALSEDAD IDEOLOGICA
CFP 15026/2003,FALSIFICACIÓN O ADULTERACIÓN DE INSTRUMENTOS PÚBLICOS,FALSIFICACION DOCUMENTOS PUBLICOS
CFP 5251/2019,EXACCIONES ILEGALES,EXACCIONES ILEGALES
CFP 5890/2016,NO PRESENTAR DECLARACIÓN JURADA O FALSEAR U OMITIR DATOS,ENRIQUECIMIENTO ILICITO (ART 268 (3))
CFP 1241/2012,OTROS,DELITO DE ACCION PUBLICA
CFP 9486/2016,LAVADO DE ACTIVOS,INFRACCION ART. 303
CFP 12474/2017,ASOCIACION ILÍCITA,ASOCIACION ILICITA
CFP 12474/2017,VIOLACIÓN DE SECRETOS,VIOLACION DE SECRETOS
CFP 18304/2006,OTROS,DELITO DE ACCION PUBLICA
CFP 12675/2017,ASOCIACION ILÍCITA,ASOCIACION ILICITA
CFP 12675/2017,LAVADO DE ACTIVOS,INFRACCION ART. 303
CFP 12777/2016,NEGOCIACIONES INCOMPATIBLES CON EL EJERCICIO DE FUNCIONES PÚBLICAS,NEGOCIACIONES INCOMPATIBLES (ART.265)
CFP 12777/2016,ABUSO DE AUTORIDAD Y VIOLACIÓN A LOS DEBERES DE FUNCIONARIOS PÚBLICOS ,ABUSO DE AUTORIDAD Y VIOL. DEB.FUNC.PUBL.(ART.248)
CCC 64900/2015,TORTURA SIMPLE,IMPOSICION DE TORTURA (ART.144 TER.INC.1)
CFP 3724/2021,VIOLACION DE MEDIDAS-PROPAGACION EPIDEMIA,VIOLACION DE MEDIDAS-PROPAGACION EPIDEMIA(ART.205)
CFP 3724/2021,RESISTENCIA O DESOBEDIENCIA A UN FUNCIONARIO PÚBLICO,RESISTENCIA O DESOBEDIENCIA A FUNCIONARIO PUBLICO
CFP 5828/2017,DEFRAUDACION AGRAVADA POR FRAUDE EN PERJUICIO DE LA ADMINISTRACION PÚBLICA,DEFRAUDACION CONTRA LA ADMINISTRACION PUBLICA
CFP 5828/2017,NEGOCIACIONES INCOMPATIBLES CON EL EJERCICIO DE FUNCIONES PÚBLICAS,NEGOCIACIONES INCOMPATIBLES (ART.265)
CFP 16006/2004,FALSO TESTIMONIO,FALSO TESTIMONIO
CFP 14751/2017,DEFRAUDACION AGRAVADA POR FRAUDE EN PERJUICIO DE LA ADMINISTRACION PÚBLICA,DEFRAUDACION CONTRA LA ADMINISTRACION PUBLICA
CFP 14305/2015,TRAICIÓN,TRAICION
CFP 14305/2015,ENCUBRIMIENTO,ENCUBRIMIENTO (ART.278)
CCC 39458/2013,ENCUBRIMIENTO,ENCUBRIMIENTO ART. 277 INC. 3 APARTADO D
CCC 39458/2013,OTROS,INFRACCION LEY 23.737
CCC 39458/2013,EXACCIONES ILEGALES,EXACCIONES ILEGALES
CCC 39458/2013,ABUSO DE AUTORIDAD Y VIOLACIÓN A LOS DEBERES DE FUNCIONARIOS PÚBLICOS ,ABUSO DE AUTORIDAD Y VIOL. DEB.FUNC.PUBL.(ART.248)
CCC 39458/2013,"SOSTENIMIENTO, ADMINISTRACIÓN O REGENTEO DE CASAS DE TOLERANCIA",INFRACCION LEY 12.331
CCC 39458/2013,OMISIÓN O RETARDO DE ACTO DE ALGÚN OFICIO,INCUMPLIM. DE AUTOR.Y VIOL.DEB.FUNC.PUBL.(ART.249)
CCC 39458/2013,PECULADO,MALVERSACION DE CAUDALES PUBLICOS (ART.261)
CCC 39458/2013,ENCUBRIMIENTO,ENCUBRIMIENTO ART. 277 INC. 1 APARTADO D
CFP 11490/2016,OTROS,INFRACCION LEY 23.737
CFP 14122/2016,ABUSO DE AUTORIDAD Y VIOLACIÓN A LOS DEBERES DE FUNCIONARIOS PÚBLICOS ,ABUSO DE AUTORIDAD Y VIOL. DEB.FUNC.PUBL.(ART.248)
CFP 8224/2020,ABUSO DE AUTORIDAD Y VIOLACIÓN A LOS DEBERES DE FUNCIONARIOS PÚBLICOS ,ABUSO DE AUTORIDAD Y VIOL. DEB.FUNC.PUBL.(ART.248)
CFP 8224/2020,ENVENENAMIENTO O ADULTERACIÓN DE AGUAS POTABLES O ALIMENTOS O MEDICINAS CULPOSO,ENVENENAMIENTO CULPOSO DE MEDICINAS *MOD LEY 26.52
CFP 7938/2017,AVERIGUACIÓN DE DELITO,AVERIGUACION DE DELITO
CFP 4931/1995,OMISIÓN O RETARDO DE ACTO DE ALGÚN OFICIO,INCUMPLIM. DE AUTOR.Y VIOL.DEB.FUNC.PUBL.(ART.249)
CFP 7806/2014,ABUSO DE AUTORIDAD Y VIOLACIÓN A LOS DEBERES DE FUNCIONARIOS PÚBLICOS ,ABUSO DE AUTORIDAD Y VIOL. DEB.FUNC.PUBL.(ART.248)
CFP 7806/2014,DEFRAUDACION AGRAVADA POR FRAUDE EN PERJUICIO DE LA ADMINISTRACION PÚBLICA,DEFRAUDACION CONTRA LA ADMINISTRACION PUBLICA
CFP 3903/2017,ADMINISTRACION FRAUDULENTA,DEFRAUDACION POR ADMINISTRACION FRAUDULENTA
CFP 3903/2017,DEFRAUDACION AGRAVADA POR FRAUDE EN PERJUICIO DE LA ADMINISTRACION PÚBLICA,DEFRAUDACION CONTRA LA ADMINISTRACION PUBLICA
CFP 10039/2001,DEFRAUDACION AGRAVADA POR FRAUDE EN PERJUICIO DE LA ADMINISTRACION PÚBLICA,DEFRAUDACION CONTRA LA ADMINISTRACION PUBLICA
CFP 6734/2013,NO PRESENTAR DECLARACIÓN JURADA O FALSEAR U OMITIR DATOS,ENRIQUECIMIENTO ILICITO (ART 268 (3))
CFP 6734/2013,ABUSO DE AUTORIDAD Y VIOLACIÓN A LOS DEBERES DE FUNCIONARIOS PÚBLICOS ,ABUSO DE AUTORIDAD Y VIOL. DEB.FUNC.PUBL.(ART.248)
CFP 6734/2013,ENRIQUECIMIENTO ILÍCITO DE FUNCIONARIO PÚBLICO,ENRIQUECIMIENTO ILICITO (ART.268 INC.2)
CFP 6734/2013,ABUSO DE AUTORIDAD E INCUMPLIMIENTO DE LOS DEBERES DE LOS FUNCIONARIOS PÚBLICOS,INFRACCION ART. 248 BIS
CFP 2885/2016,PECULADO,MALVERSACION DE CAUDALES PUBLICOS (ART.261)
CFP 2885/2016,DEFRAUDACION AGRAVADA POR FRAUDE EN PERJUICIO DE LA ADMINISTRACION PÚBLICA,DEFRAUDACION CONTRA LA ADMINISTRACION PUBLICA
CFP 12079/2013,ENCUBRIMIENTO,ENCUBRIMIENTO (ART.278)
CFP 5197/2007,VIOLACIÓN DE SECRETO PROFESIONAL,VIOLACION DE SECRETO PARTICULAR
CFP 5197/2007,VIOLACIÓN DE SECRETOS,VIOLACION DE SECRETOS
CFP 5197/2007,ABUSO DE AUTORIDAD Y VIOLACIÓN A LOS DEBERES DE FUNCIONARIOS PÚBLICOS ,ABUSO DE AUTORIDAD Y VIOL. DEB.FUNC.PUBL.(ART.248)
CFP 1135/2021,ENRIQUECIMIENTO ILÍCITO DE FUNCIONARIO PÚBLICO,ENRIQUECIMIENTO ILICITO (ART.268 INC.2)
CFP 10732/2018,AVERIGUACIÓN DE DELITO,AVERIGUACION DE DELITO
CFP 9608/2018,AVERIGUACIÓN DE DELITO,AVERIGUACION DE DELITO
CFP 14156/2017,MALVERSACIÓN DE CAUDALES PÚBLICOS,MALVERSACION DE CAUDALES PUBLICOS (ART.260)
CFP 13706/2018,FALSIFICACIÓN O ADULTERACIÓN DE INSTRUMENTOS PÚBLICOS,FALSIFICACION DOCUMENTOS PUBLICOS
CFP 11572/2014,AVERIGUACIÓN DE DELITO,AVERIGUACION DE DELITO
CFP 7550/2020,ABUSO DE AUTORIDAD Y VIOLACIÓN A LOS DEBERES DE FUNCIONARIOS PÚBLICOS ,ABUSO DE AUTORIDAD Y VIOL. DEB.FUNC.PUBL.(ART.248)
CFP 7550/2020,REVELACIÓN DE SECRETOS POLÍTICOS Y MILITARES,REVELACION SECRETOS POLITICOS Y MILITARES(ART.222)
CFP 7356/2013,ADMINISTRACION FRAUDULENTA,DEFRAUDACION POR ADMINISTRACION FRAUDULENTA
CFP 5218/2016,NEGOCIACIONES INCOMPATIBLES CON EL EJERCICIO DE FUNCIONES PÚBLICAS,NEGOCIACIONES INCOMPATIBLES (ART.265)
CFP 5218/2016,ABUSO DE AUTORIDAD Y VIOLACIÓN A LOS DEBERES DE FUNCIONARIOS PÚBLICOS ,ABUSO DE AUTORIDAD Y VIOL. DEB.FUNC.PUBL.(ART.248)
CFP 5218/2016,MALVERSACIÓN DE CAUDALES PÚBLICOS,MALVERSACION DE CAUDALES PUBLICOS (ART.260)
CFP 5218/2016,ADMINISTRACION FRAUDULENTA,DEFRAUDACION POR ADMINISTRACION FRAUDULENTA
CFP 13453/2007,ESTAFA,ESTAFA
CFP 13453/2007,ADMINISTRACION FRAUDULENTA,DEFRAUDACION POR ADMINISTRACION FRAUDULENTA
CFP 13453/2007,DEFRAUDACION AGRAVADA POR FRAUDE EN PERJUICIO DE LA ADMINISTRACION PÚBLICA,DEFRAUDACION CONTRA LA ADMINISTRACION PUBLICA
CFP 13453/2007,NEGOCIACIONES INCOMPATIBLES CON EL EJERCICIO DE FUNCIONES PÚBLICAS,NEGOCIACIONES INCOMPATIBLES (ART.265)
CFP 3298/2010,ASOCIACION ILÍCITA,ASOCIACION ILICITA
CFP 3298/2010,ESTAFA,ESTAFA
CFP 3298/2010,EVASIÓN SIMPLE,EVASION
CFP 670/2021,SUMINISTRO O USO DE INFORMACIÓN PRIVILEGIADA,INFRACCIÓN ART. 307 DEL C.P. SEGÚN LEY 26.733
CFP 670/2021,TRÁFICO DE INFLUENCIA,INFRACCION ART 256 BIS - 1º PARRAFO
CFP 670/2021,NEGOCIACIONES INCOMPATIBLES CON EL EJERCICIO DE FUNCIONES PÚBLICAS,NEGOCIACIONES INCOMPATIBLES (ART.265)
CFP 7797/2010,FALSO TESTIMONIO,FALSO TESTIMONIO
CFP 7797/2010,FALSO TESTIMONIO AGRAVADO POR COHECHO,FALSO TESTIMONIO CON COHECHO
CFP 4211/2016,PRIVACIÓN ABUSIVA DE LIBERTAD,PRIVACION ILEGAL DE LIBERTAD (ART.144 BIS INC.1)
CFP 4211/2016,ESTAFA,ESTAFA PROCESAL
CFP 4211/2016,ADMINISTRACION FRAUDULENTA,DEFRAUDACION POR ADMINISTRACION FRAUDULENTA
CFP 4211/2016,ABUSO DE AUTORIDAD Y VIOLACIÓN A LOS DEBERES DE FUNCIONARIOS PÚBLICOS ,ABUSO DE AUTORIDAD Y VIOL. DEB.FUNC.PUBL.(ART.248)
CFP 4211/2016,PREVARICATO,PREVARICATO
CFP 14119/2015,AVERIGUACIÓN DE DELITO,AVERIGUACION DE DELITO
CFP 18368/2016,AVERIGUACIÓN DE DELITO,AVERIGUACION DE DELITO
CFP 752/2022,ADMINISTRACION FRAUDULENTA,DEFRAUDACION POR ADMINISTRACION FRAUDULENTA
CFP 752/2022,MALVERSACIÓN DE CAUDALES PÚBLICOS,MALVERSACION DE CAUDALES PUBLICOS (ART.260)
CFP 752/2022,ABUSO DE AUTORIDAD Y VIOLACIÓN A LOS DEBERES DE FUNCIONARIOS PÚBLICOS ,ABUSO DE AUTORIDAD Y VIOL. DEB.FUNC.PUBL.(ART.248)
CFP 752/2022,OMISIÓN O RETARDO DE ACTO DE ALGÚN OFICIO,INCUMPLIM. DE AUTOR.Y VIOL.DEB.FUNC.PUBL.(ART.249)
CFP 5082/2019,ABUSO DE AUTORIDAD Y VIOLACIÓN A LOS DEBERES DE FUNCIONARIOS PÚBLICOS ,ABUSO DE AUTORIDAD Y VIOL. DEB.FUNC.PUBL.(ART.248)
CFP 5082/2019,,LIBERTAD DE PRENSA
CFP 550/2016,COHECHO,COHECHO
CFP 550/2016,NEGOCIACIONES INCOMPATIBLES CON EL EJERCICIO DE FUNCIONES PÚBLICAS,NEGOCIACIONES INCOMPATIBLES (ART.265)
CFP 7366/2017,SOBORNO TRANSACCIONAL A FUNCIONARIO EXTRANJERO,COHECHO ART 258 BIS
CFP 1953/2014,AVERIGUACIÓN DE DELITO,AVERIGUACION DE DELITO
CFP 8932/2009,ADMINISTRACION FRAUDULENTA,DEFRAUDACION POR ADMINISTRACION FRAUDULENTA
CCC 30009/2016,DEFRAUDACION AGRAVADA POR FRAUDE EN PERJUICIO DE LA ADMINISTRACION PÚBLICA,DEFRAUDACION CONTRA LA ADMINISTRACION PUBLICA
CFP 5209/2021,ABUSO DE AUTORIDAD Y VIOLACIÓN A LOS DEBERES DE FUNCIONARIOS PÚBLICOS ,ABUSO DE AUTORIDAD Y VIOL. DEB.FUNC.PUBL.(ART.248)
CFP 5209/2021,PECULADO,MALVERSACION DE CAUDALES PUBLICOS (ART.261)
CFP 5209/2021,VIOLACIÓN DE SECRETO PROFESIONAL,VIOLACION DE SECRETO PARTICULAR
CFP 6606/2015,AVERIGUACIÓN DE DELITO,AVERIGUACION DE DELITO
CFP 3482/2021,ASOCIACION ILÍCITA,ASOCIACION ILICITA
CFP 3482/2021,ABUSO DE AUTORIDAD Y VIOLACIÓN A LOS DEBERES DE FUNCIONARIOS PÚBLICOS ,ABUSO DE AUTORIDAD Y VIOL. DEB.FUNC.PUBL.(ART.248)
CFP 3482/2021,EXACCIONES ILEGALES,EXACCIONES ILEGALES
CFP 3482/2021,DEFRAUDACION AGRAVADA POR FRAUDE EN PERJUICIO DE LA ADMINISTRACION PÚBLICA,DEFRAUDACION CONTRA LA ADMINISTRACION PUBLICA
CFP 3482/2021,NEGOCIACIONES INCOMPATIBLES CON EL EJERCICIO DE FUNCIONES PÚBLICAS,NEGOCIACIONES INCOMPATIBLES (ART.265)
CFP 12139/2016,ADMINISTRACION FRAUDULENTA,DEFRAUDACION POR ADMINISTRACION FRAUDULENTA
CFP 12139/2016,DEFRAUDACION AGRAVADA POR FRAUDE EN PERJUICIO DE LA ADMINISTRACION PÚBLICA,DEFRAUDACION CONTRA LA ADMINISTRACION PUBLICA
CFP 17491/2005,OMISIÓN O RETARDO DE ACTO DE ALGÚN OFICIO,INCUMPLIM. DE AUTOR.Y VIOL.DEB.FUNC.PUBL.(ART.249)
CFP 17491/2005,ADMISIÓN DE DÁDIVAS,ACEPTACION DE DADIVA
CFP 17491/2005,ABUSO DE AUTORIDAD Y VIOLACIÓN A LOS DEBERES DE FUNCIONARIOS PÚBLICOS ,ABUSO DE AUTORIDAD Y VIOL. DEB.FUNC.PUBL.(ART.248)
CFP 17491/2005,COHECHO,COHECHO
CFP 17491/2005,NEGOCIACIONES INCOMPATIBLES CON EL EJERCICIO DE FUNCIONES PÚBLICAS,NEGOCIACIONES INCOMPATIBLES (ART.265)
CFP 18504/2017,ENCUBRIMIENTO,ENCUBRIMIENTO ART. 277 INC. 1 APARTADO D
CFP 18504/2017,NEGOCIACIONES INCOMPATIBLES CON EL EJERCICIO DE FUNCIONES PÚBLICAS,NEGOCIACIONES INCOMPATIBLES (ART.265)
CFP 18504/2017,MALVERSACIÓN DE CAUDALES PÚBLICOS,MALVERSACION DE CAUDALES PUBLICOS (ART.260)
CFP 894/2022,ABUSO DE AUTORIDAD Y VIOLACIÓN A LOS DEBERES DE FUNCIONARIOS PÚBLICOS ,ABUSO DE AUTORIDAD Y VIOL. DEB.FUNC.PUBL.(ART.248)
CFP 9797/2015,LAVADO DE ACTIVOS,INFRACCION ART. 303
CFP 8284/2016,AVERIGUACIÓN DE DELITO,AVERIGUACION DE DELITO
CFP 5713/2011,PECULADO,MALVERSACION DE CAUDALES PUBLICOS (ART.261)
CFP 1236/2017,NEGOCIACIONES INCOMPATIBLES CON EL EJERCICIO DE FUNCIONES PÚBLICAS,NEGOCIACIONES INCOMPATIBLES (ART.265)
CFP 1236/2017,ABUSO DE AUTORIDAD Y VIOLACIÓN A LOS DEBERES DE FUNCIONARIOS PÚBLICOS ,ABUSO DE AUTORIDAD Y VIOL. DEB.FUNC.PUBL.(ART.248)
CFP 5500/2021,NEGOCIACIONES INCOMPATIBLES CON EL EJERCICIO DE FUNCIONES PÚBLICAS,NEGOCIACIONES INCOMPATIBLES (ART.265)
CFP 5500/2021,ABUSO DE AUTORIDAD Y VIOLACIÓN A LOS DEBERES DE FUNCIONARIOS PÚBLICOS ,ABUSO DE AUTORIDAD Y VIOL. DEB.FUNC.PUBL.(ART.248)
CFP 5500/2021,PECULADO,MALVERSACION DE CAUDALES PUBLICOS (ART.261)
CFP 5500/2021,ADMINISTRACION FRAUDULENTA,DEFRAUDACION POR ADMINISTRACION FRAUDULENTA
CFP 5500/2021,DEFRAUDACION AGRAVADA POR FRAUDE EN PERJUICIO DE LA ADMINISTRACION PÚBLICA,DEFRAUDACION CONTRA LA ADMINISTRACION PUBLICA
CFP 7483/2004,PREVARICATO,PREVARICATO
CFP 7483/2004,NO PRESENTAR DECLARACIÓN JURADA O FALSEAR U OMITIR DATOS,ENRIQUECIMIENTO ILICITO (ART 268 (3))
CFP 9810/2020,OTROS,INFRACCION LEY 23.737
CFP 4960/2010,HURTO SIMPLE,HURTO
CFP 2989/2020,NEGOCIACIONES INCOMPATIBLES CON EL EJERCICIO DE FUNCIONES PÚBLICAS,NEGOCIACIONES INCOMPATIBLES (ART.265)
CFP 10049/2015,ABUSO DE AUTORIDAD Y VIOLACIÓN A LOS DEBERES DE FUNCIONARIOS PÚBLICOS ,ABUSO DE AUTORIDAD Y VIOL. DEB.FUNC.PUBL.(ART.248)
CFP 10049/2015,PROPAGACIÓN DE UNA ENFERMEDAD PELIGROSA Y CONTAGIOSA,PROPAGACION DE ENFERMEDAD PELIGROSA Y CONTAGIOSA
CFP 10049/2015,TRÁFICO DE MEDICAMENTOS O MERCADERÍAS PELIGROSAS PARA LA SALUD,TRAFICO MERCAD.PELIGROSAS P/SALUD *MOD LEY 26.524
CFP 10049/2015,OMISIÓN O RETARDO DE ACTO DE ALGÚN OFICIO,INCUMPLIM. DE AUTOR.Y VIOL.DEB.FUNC.PUBL.(ART.249)
CFP 10049/2015,ENVENENAMIENTO O ADULTERACIÓN DE AGUAS POTABLES O ALIMENTOS O MEDICINAS CULPOSO,ENVENENAMIENTO CULPOSO DE MEDICINAS *MOD LEY 26.52
CFP 10049/2015,ENVENENAMIENTO O ADULTERACIÓN DE AGUAS POTABLES O ALIMENTOS O MEDICINAS CULPOSO,ENVENENAMIENTO O ADULT.AGUAS
CFP 10049/2015,OTROS,MEDIC.
CFP 10049/2015,OTROS,O ALIM.
CFP 13335/2002,DEFRAUDACION AGRAVADA POR FRAUDE EN PERJUICIO DE LA ADMINISTRACION PÚBLICA,DEFRAUDACION CONTRA LA ADMINISTRACION PUBLICA
CCC 59219/2013,FALSIFICACIÓN O ADULTERACIÓN DE INSTRUMENTOS PÚBLICOS,FALSIFICACION DOCUMENTOS PUBLICOS
CFP 760/2022,ABANDONO DE PERSONAS,ABANDONO DE PERSONAS
CFP 760/2022,RESISTENCIA O DESOBEDIENCIA A UN FUNCIONARIO PÚBLICO,RESISTENCIA O DESOBEDIENCIA A FUNCIONARIO PUBLICO
CFP 1493/2021,RESISTENCIA O DESOBEDIENCIA A UN FUNCIONARIO PÚBLICO,RESISTENCIA O DESOBEDIENCIA A FUNCIONARIO PUBLICO
CFP 1493/2021,ABUSO DE AUTORIDAD Y VIOLACIÓN A LOS DEBERES DE FUNCIONARIOS PÚBLICOS ,ABUSO DE AUTORIDAD Y VIOL. DEB.FUNC.PUBL.(ART.248)
CFP 714/2021,ABUSO DE AUTORIDAD Y VIOLACIÓN A LOS DEBERES DE FUNCIONARIOS PÚBLICOS ,ABUSO DE AUTORIDAD Y VIOL. DEB.FUNC.PUBL.(ART.248)
CFP 714/2021,PECULADO,MALVERSACION DE CAUDALES PUBLICOS (ART.261)
CFP 5530/2016,NEGOCIACIONES INCOMPATIBLES CON EL EJERCICIO DE FUNCIONES PÚBLICAS,NEGOCIACIONES INCOMPATIBLES (ART.265)
CFP 5530/2016,OMISIÓN O RETARDO DE ACTO DE ALGÚN OFICIO,INCUMPLIM. DE AUTOR.Y VIOL.DEB.FUNC.PUBL.(ART.249)
CFP 1106/2016,ENCUBRIMIENTO,ENCUBRIMIENTO (ART.278)
CFP 1106/2016,LAVADO DE ACTIVOS,INFRACCION ART. 303
CFP 1106/2016,RESPONSABILIDAD PENAL DE LAS PERSONAS JURÍDICAS,INFRACCION ART. 304
CFP 5212/2021,AVERIGUACIÓN DE DELITO,AVERIGUACION DE DELITO
CFP 9775/2018,FALSIFICACIÓN O ADULTERACIÓN DE INSTRUMENTOS PÚBLICOS,FALSIFICACION DOCUMENTOS PUBLICOS
CFP 9775/2018,PECULADO,MALVERSACION DE CAUDALES PUBLICOS (ART.261)
CFP 9775/2018,DEFRAUDACION AGRAVADA POR FRAUDE EN PERJUICIO DE LA ADMINISTRACION PÚBLICA,DEFRAUDACION CONTRA LA ADMINISTRACION PUBLICA
CFP 9775/2018,ADMINISTRACION FRAUDULENTA,DEFRAUDACION POR ADMINISTRACION FRAUDULENTA
CFP 11616/2003,FALSEDAD IDEOLÓGICA EN DOCUMENTOS,FALSEDAD IDEOLOGICA
CFP 11616/2003,FALSIFICACIÓN O ADULTERACIÓN DE INSTRUMENTOS PÚBLICOS,FALSIFICACION DOCUMENTOS PUBLICOS
CFP 11616/2003,DEFRAUDACION AGRAVADA POR FRAUDE EN PERJUICIO DE LA ADMINISTRACION PÚBLICA,DEFRAUDACION CONTRA LA ADMINISTRACION PUBLICA
CFP 11596/2011,PRIVACIÓN ILEGAL DE LA LIBERTAD,PRIVACION ILEGAL LIBERTAD PERSONAL
CFP 1844/2001,DEFRAUDACION AGRAVADA POR FRAUDE EN PERJUICIO DE LA ADMINISTRACION PÚBLICA,DEFRAUDACION CONTRA LA ADMINISTRACION PUBLICA
CFP 4249/2014,AVERIGUACIÓN DE DELITO,AVERIGUACION DE DELITO
CFP 6325/2013,FALSIFICACIÓN O ADULTERACIÓN DE INSTRUMENTOS PÚBLICOS,FALSIFICACION DOCUMENTOS PUBLICOS
CFP 6325/2013,DEFRAUDACION AGRAVADA POR FRAUDE EN PERJUICIO DE LA ADMINISTRACION PÚBLICA,DEFRAUDACION CONTRA LA ADMINISTRACION PUBLICA
CFP 6325/2013,OMISIÓN O RETARDO DE ACTO DE ALGÚN OFICIO,INCUMPLIM. DE AUTOR.Y VIOL.DEB.FUNC.PUBL.(ART.249)
CFP 6325/2013,ESTAFA,ESTAFA
CFP 6325/2013,UTILIZACION DE INFORMACIÓN Y DATOS RESERVADOS,ENRIQUECIMIENTO ILICITO (ART.268 INC.1)
CFP 462/2020,ABUSO DE AUTORIDAD Y VIOLACIÓN A LOS DEBERES DE FUNCIONARIOS PÚBLICOS ,ABUSO DE AUTORIDAD Y VIOL. DEB.FUNC.PUBL.(ART.248)
CFP 462/2020,FALSIFICACIÓN O ADULTERACIÓN DE INSTRUMENTOS PÚBLICOS,FALSIFICACION DOCUMENTOS PUBLICOS
CFP 462/2020,OMISIÓN O RETARDO DE ACTO DE ALGÚN OFICIO,INCUMPLIM. DE AUTOR.Y VIOL.DEB.FUNC.PUBL.(ART.249)
CFP 3505/2021,VIOLACION DE MEDIDAS-PROPAGACION EPIDEMIA,VIOLACION DE MEDIDAS-PROPAGACION EPIDEMIA(ART.205)
CFP 3505/2021,RESISTENCIA O DESOBEDIENCIA A UN FUNCIONARIO PÚBLICO,RESISTENCIA O DESOBEDIENCIA A FUNCIONARIO PUBLICO
CFP 2026/2021,COACCIONES,COACCION (ART. 149 BIS)
CFP 2026/2021,EXACCIONES ILEGALES AGRAVADAS,EXACCIONES ILEGALES AGRAVADAS
CFP 10566/2016,SOBORNO TRANSACCIONAL A FUNCIONARIO EXTRANJERO,COHECHO ART 258 BIS
CFP 4488/2020,ABUSO DE AUTORIDAD Y VIOLACIÓN A LOS DEBERES DE FUNCIONARIOS PÚBLICOS ,ABUSO DE AUTORIDAD Y VIOL. DEB.FUNC.PUBL.(ART.248)
CFP 4488/2020,PREVARICATO,PREVARICATO
CFP 4488/2020,FALSO TESTIMONIO AGRAVADO POR COHECHO,FALSO TESTIMONIO CON COHECHO
CFP 4488/2020,PREVARICATO DE AUXILIARES DE JUSTICIA,PREVARICATO DE LOS AUXILIARES DE JUSTICIA(ART.272)
CFP 4488/2020,INCUMPLLIMIENTO DE LA OBLIGACIÓN DE PERSEGUIR DELICUENTES,INCUMPLIMIENTO DE LA OBLIG.DE PERSEGUIR DELINCUEN.
CFP 9281/2017,ADMINISTRACION FRAUDULENTA,DEFRAUDACION POR ADMINISTRACION FRAUDULENTA
CFP 9281/2017,DEFRAUDACION AGRAVADA POR FRAUDE EN PERJUICIO DE LA ADMINISTRACION PÚBLICA,DEFRAUDACION CONTRA LA ADMINISTRACION PUBLICA
CFP 5175/2021,ENRIQUECIMIENTO ILÍCITO DE FUNCIONARIO PÚBLICO,ENRIQUECIMIENTO ILICITO (ART.268 INC.2)
CFP 873/2022,ABUSO DE AUTORIDAD Y VIOLACIÓN A LOS DEBERES DE FUNCIONARIOS PÚBLICOS ,ABUSO DE AUTORIDAD Y VIOL. DEB.FUNC.PUBL.(ART.248)
CFP 873/2022,OMISIÓN O RETARDO DE ACTO DE ALGÚN OFICIO,INCUMPLIM. DE AUTOR.Y VIOL.DEB.FUNC.PUBL.(ART.249)
CFP 872/2022,ABUSO DE AUTORIDAD Y VIOLACIÓN A LOS DEBERES DE FUNCIONARIOS PÚBLICOS ,ABUSO DE AUTORIDAD Y VIOL. DEB.FUNC.PUBL.(ART.248)
CFP 22082/2001,OTROS,OTROS
CFP 17475/2007,COHECHO ACTIVO,COHECHO ACTIVO
CFP 17475/2007,FALSEDAD IDEOLÓGICA EN DOCUMENTOS,FALSEDAD IDEOLOGICA
CFP 17475/2007,COHECHO,COHECHO
CFP 17475/2007,DEFRAUDACION AGRAVADA POR FRAUDE EN PERJUICIO DE LA ADMINISTRACION PÚBLICA,DEFRAUDACION CONTRA LA ADMINISTRACION PUBLICA
CFP 17475/2007,OMISIÓN O RETARDO DE ACTO DE ALGÚN OFICIO,INCUMPLIM. DE AUTOR.Y VIOL.DEB.FUNC.PUBL.(ART.249)
CFP 17475/2007,ADMINISTRACION FRAUDULENTA,DEFRAUDACION POR ADMINISTRACION FRAUDULENTA
CFP 17475/2007,USURPACIÓN DE AUTORIDAD,USURPACION DE AUTORIDAD (ART.246 INC.3)
CFP 2462/2020,AVERIGUACIÓN DE DELITO,AVERIGUACION DE DELITO
CFP 4077/2020,AVERIGUACIÓN DE DELITO,AVERIGUACION DE DELITO
CFP 9815/2017,AVERIGUACIÓN DE DELITO,AVERIGUACION DE DELITO
CFP 12405/2013,AVERIGUACIÓN DE DELITO,AVERIGUACION DE DELITO
CFP 3379/2009,ASOCIACION ILÍCITA,ASOCIACION ILICITA
CFP 3379/2009,DEFRAUDACION AGRAVADA POR FRAUDE EN PERJUICIO DE LA ADMINISTRACION PÚBLICA,DEFRAUDACION CONTRA LA ADMINISTRACION PUBLICA
CFP 15427/2017,PRIVACIÓN ILEGAL DE LA LIBERTAD AGRAVADA POR LA FORMA O FIN,PRIVACION ILEGAL LIBERTAD PERS.(ART.142 BIS INC.1)
CFP 3720/2021,VIOLACION DE MEDIDAS-PROPAGACION EPIDEMIA,VIOLACION DE MEDIDAS-PROPAGACION EPIDEMIA(ART.205)
CFP 3720/2021,RESISTENCIA O DESOBEDIENCIA A UN FUNCIONARIO PÚBLICO,RESISTENCIA O DESOBEDIENCIA A FUNCIONARIO PUBLICO
CFP 17280/2016,LAVADO DE ACTIVOS,INFRACCION ART. 303
CCC 3559/2015,AVERIGUACIÓN DE DELITO,AVERIGUACION DE DELITO
CFP 15661/2016,AVERIGUACIÓN DE DELITO,AVERIGUACION DE DELITO
CFP 1999/2012,UTILIZACION DE INFORMACIÓN Y DATOS RESERVADOS,ENRIQUECIMIENTO ILICITO (ART.268 INC.1)
CFP 1999/2012,ENCUBRIMIENTO,ENCUBRIMIENTO (ART.277)
CFP 1301/2010,DEFRAUDACION AGRAVADA POR FRAUDE EN PERJUICIO DE LA ADMINISTRACION PÚBLICA,DEFRAUDACION CONTRA LA ADMINISTRACION PUBLICA
CFP 1301/2010,COHECHO,COHECHO
CFP 1301/2010,ADMISIÓN DE DÁDIVAS,ACEPTACION DE DADIVA
CFP 1301/2010,ABUSO DE AUTORIDAD Y VIOLACIÓN A LOS DEBERES DE FUNCIONARIOS PÚBLICOS ,ABUSO DE AUTORIDAD Y VIOL. DEB.FUNC.PUBL.(ART.248)
CFP 12645/2009,DEFRAUDACION AGRAVADA POR FRAUDE EN PERJUICIO DE LA ADMINISTRACION PÚBLICA,DEFRAUDACION CONTRA LA ADMINISTRACION PUBLICA
CFP 12645/2009,ABUSO DE AUTORIDAD Y VIOLACIÓN A LOS DEBERES DE FUNCIONARIOS PÚBLICOS ,ABUSO DE AUTORIDAD Y VIOL. DEB.FUNC.PUBL.(ART.248)
CFP 12645/2009,ENVENENAMIENTO O ADULTERACIÓN DE AGUAS POTABLES O ALIMENTOS O MEDICINAS CULPOSO,ENVENENAMIENTO O ADULT.AGUAS
CFP 12645/2009,OTROS,MEDIC.
CFP 12645/2009,OTROS,O ALIM.
CFP 15384/2017,NEGOCIACIONES INCOMPATIBLES CON EL EJERCICIO DE FUNCIONES PÚBLICAS,NEGOCIACIONES INCOMPATIBLES (ART.265)
CFP 15384/2017,DEFRAUDACION AGRAVADA POR FRAUDE EN PERJUICIO DE LA ADMINISTRACION PÚBLICA,DEFRAUDACION CONTRA LA ADMINISTRACION PUBLICA
CFP 15384/2017,ADMINISTRACION FRAUDULENTA,DEFRAUDACION POR ADMINISTRACION FRAUDULENTA
CPE 242/2016,OTROS,INFRACCION LEY 24.769
CPE 242/2016,ABUSO DE AUTORIDAD Y VIOLACIÓN A LOS DEBERES DE FUNCIONARIOS PÚBLICOS ,ABUSO DE AUTORIDAD Y VIOL. DEB.FUNC.PUBL.(ART.248)
CPE 242/2016,COHECHO,COHECHO
CPE 242/2016,ADMINISTRACION FRAUDULENTA,DEFRAUDACION POR ADMINISTRACION FRAUDULENTA
CPE 242/2016,COHECHO ACTIVO,COHECHO ACTIVO
CPE 242/2016,DEFRAUDACION AGRAVADA POR FRAUDE EN PERJUICIO DE LA ADMINISTRACION PÚBLICA,DEFRAUDACION CONTRA LA ADMINISTRACION PUBLICA
CFP 8852/2019,FALSIFICACIÓN O ADULTERACIÓN DE INSTRUMENTOS PÚBLICOS,FALSIFICACION DOCUMENTOS PUBLICOS
CFP 8852/2019,ESTAFA,ESTAFA
CFP 8852/2019,ADMINISTRACION FRAUDULENTA,DEFRAUDACION POR ADMINISTRACION FRAUDULENTA
CFP 12063/2012,OTROS,DELITO DE ACCION PUBLICA
CFP 20637/2017,AVERIGUACIÓN DE DELITO,AVERIGUACION DE DELITO
CFP 20637/2017,ABUSO DE AUTORIDAD Y VIOLACIÓN A LOS DEBERES DE FUNCIONARIOS PÚBLICOS ,ABUSO DE AUTORIDAD Y VIOL. DEB.FUNC.PUBL.(ART.248)
CFP 20637/2017,LESIONES GRAVES,LESIONES GRAVES (ART.90)
CFP 6911/2021,ASOCIACION ILÍCITA,ASOCIACION ILICITA
CFP 6911/2021,USURPACIÓN,USURPACION (ART.181 INC.1)
CFP 6911/2021,TRAICIÓN AGRAVADA POR PROCURAR EL SOMETIMIENTO TOTAL O PARCIAL DE LA NACIÓN O SU MENOSCABO,TRAICION CON SOMETIMIENTO (ART.215 INC.1)
CFP 6911/2021,,REBELION
CFP 6911/2021,,PARTICIPACION A LA REBELION
CFP 6911/2021,ABUSO DE AUTORIDAD Y VIOLACIÓN A LOS DEBERES DE FUNCIONARIOS PÚBLICOS ,ABUSO DE AUTORIDAD Y VIOL. DEB.FUNC.PUBL.(ART.248)
CFP 6911/2021,ASOCIACION ILÍCITA CON PELIGRO DE VIGENCIA DE LA CONSTITUCION NACIONAL,ASOCIACION ILICITA CON PELIGRO VIGENCIA CONST.NAC. (ART. 210 BIS DEL C.P.)
CFP 6911/2021,TRAICIÓN,TRAICION
CFP 6911/2021,OMISIÓN O RETARDO DE ACTO DE ALGÚN OFICIO,INCUMPLIM. DE AUTOR.Y VIOL.DEB.FUNC.PUBL.(ART.249)
CFP 3153/2018,NEGOCIACIONES INCOMPATIBLES CON EL EJERCICIO DE FUNCIONES PÚBLICAS,NEGOCIACIONES INCOMPATIBLES (ART.265)
CFP 3153/2018,ABUSO DE AUTORIDAD Y VIOLACIÓN A LOS DEBERES DE FUNCIONARIOS PÚBLICOS ,ABUSO DE AUTORIDAD Y VIOL. DEB.FUNC.PUBL.(ART.248)
CFP 20043/2017,LAVADO DE ACTIVOS,INFRACCION ART. 303
CFP 11026/2018,ABUSO DE AUTORIDAD Y VIOLACIÓN A LOS DEBERES DE FUNCIONARIOS PÚBLICOS ,ABUSO DE AUTORIDAD Y VIOL. DEB.FUNC.PUBL.(ART.248)
CFP 2687/2016,NEGOCIACIONES INCOMPATIBLES CON EL EJERCICIO DE FUNCIONES PÚBLICAS,NEGOCIACIONES INCOMPATIBLES (ART.265)
CFP 2687/2016,ADMISIÓN DE DÁDIVAS,ACEPTACION DE DADIVA
CFP 11910/2016,AVERIGUACIÓN DE DELITO,AVERIGUACION DE DELITO
CFP 4513/2021,ABUSO DE AUTORIDAD Y VIOLACIÓN A LOS DEBERES DE FUNCIONARIOS PÚBLICOS ,ABUSO DE AUTORIDAD Y VIOL. DEB.FUNC.PUBL.(ART.248)
CFP 4513/2021,ADMINISTRACION FRAUDULENTA,DEFRAUDACION POR ADMINISTRACION FRAUDULENTA
CFP 4513/2021,NEGOCIACIONES INCOMPATIBLES CON EL EJERCICIO DE FUNCIONES PÚBLICAS,NEGOCIACIONES INCOMPATIBLES (ART.265)
CFP 4513/2021,DEFRAUDACION AGRAVADA POR FRAUDE EN PERJUICIO DE LA ADMINISTRACION PÚBLICA,DEFRAUDACION CONTRA LA ADMINISTRACION PUBLICA
CPE 1045/2019,OTROS,INFRACCION LEY 24.769
CFP 5542/2017,,INFRACCION ART.189 BIS APARTADO (5) 2° PARRAFO
CFP 5542/2017,ENCUBRIMIENTO,ENCUBRIMIENTO ART. 277 INC. 1 APARTADO C
CFP 5542/2017,,INFRACCION ART.189 BIS APARTADO (1) 3° PARRAFO
CFP 14824/2010,FALSEDAD IDEOLÓGICA EN DOCUMENTOS,FALSEDAD IDEOLOGICA
CFP 14824/2010,PECULADO,MALVERSACION DE CAUDALES PUBLICOS (ART.261)
CFP 14824/2010,ADMINISTRACION FRAUDULENTA,DEFRAUDACION POR ADMINISTRACION FRAUDULENTA
CFP 14824/2010,USO DE DOCUMENTO FALSIFICADO O ADULTERADO,USO DE DOCUMENTO ADULTERADO O FALSO (ART.296)
CFP 14824/2010,FALSEDADES RELACIONADAS A FACTURAS CONFORMADAS,FALSEDAD DE FACTURAS CONFORMADAS
CCC 38119/2013,ESTAFA,ESTAFA
CCC 38119/2013,ASOCIACION ILÍCITA,ASOCIACION ILICITA
CCC 38119/2013,ENCUBRIMIENTO,ENCUBRIMIENTO (ART.277)
CCC 38119/2013,DEFRAUDACION,DEFRAUDACION
CCC 38119/2013,FALSEDAD IDEOLÓGICA EN DOCUMENTOS,FALSEDAD IDEOLOGICA
CFP 11117/2016,AVERIGUACIÓN DE DELITO,AVERIGUACION DE DELITO
CCC 13682/2015,AVERIGUACIÓN DE DELITO,AVERIGUACION DE DELITO
CFP 11937/2016,DEFRAUDACION AGRAVADA POR FRAUDE EN PERJUICIO DE LA ADMINISTRACION PÚBLICA,DEFRAUDACION CONTRA LA ADMINISTRACION PUBLICA
CFP 11937/2016,ADMINISTRACION FRAUDULENTA,DEFRAUDACION POR ADMINISTRACION FRAUDULENTA
CFP 2272/2019,INTIMIDACIÓN PÚBLICA,INTIMIDACION PUBLICA
CFP 7264/2021,AVERIGUACIÓN DE DELITO,AVERIGUACION DE DELITO
CFP 9184/2020,FALSEDAD IDEOLÓGICA EN DOCUMENTOS,FALSEDAD IDEOLOGICA
CFP 9184/2020,ABUSO DE AUTORIDAD Y VIOLACIÓN A LOS DEBERES DE FUNCIONARIOS PÚBLICOS ,ABUSO DE AUTORIDAD Y VIOL. DEB.FUNC.PUBL.(ART.248)
CFP 9184/2020,ESTAFA,ESTAFA
CFP 9184/2020,DEFRAUDACION AGRAVADA POR FRAUDE EN PERJUICIO DE LA ADMINISTRACION PÚBLICA,DEFRAUDACION CONTRA LA ADMINISTRACION PUBLICA
CFP 9184/2020,ENCUBRIMIENTO,ENCUBRIMIENTO (ART.277 INC.3)
CFP 9184/2020,NEGOCIACIONES INCOMPATIBLES CON EL EJERCICIO DE FUNCIONES PÚBLICAS,NEGOCIACIONES INCOMPATIBLES (ART.265)
CFP 4498/2013,AVERIGUACIÓN DE DELITO,AVERIGUACION DE DELITO
CFP 388/2016,AVERIGUACIÓN DE DELITO,AVERIGUACION DE DELITO
CFP 12438/2008,OMISIÓN O RETARDO DE ACTO DE ALGÚN OFICIO,INCUMPLIM. DE AUTOR.Y VIOL.DEB.FUNC.PUBL.(ART.249)
CFP 12438/2008,ENRIQUECIMIENTO ILÍCITO DE FUNCIONARIO PÚBLICO,ENRIQUECIMIENTO ILICITO (ART.268 INC.2)
CFP 12438/2008,ABUSO DE AUTORIDAD Y VIOLACIÓN A LOS DEBERES DE FUNCIONARIOS PÚBLICOS ,ABUSO DE AUTORIDAD Y VIOL. DEB.FUNC.PUBL.(ART.248)
CFP 6790/2016,DEFRAUDACION AGRAVADA POR FRAUDE EN PERJUICIO DE LA ADMINISTRACION PÚBLICA,DEFRAUDACION CONTRA LA ADMINISTRACION PUBLICA
CFP 4786/2017,ADMINISTRACION FRAUDULENTA,DEFRAUDACION POR ADMINISTRACION FRAUDULENTA
CFP 4786/2017,DEFRAUDACION AGRAVADA POR FRAUDE EN PERJUICIO DE LA ADMINISTRACION PÚBLICA,DEFRAUDACION CONTRA LA ADMINISTRACION PUBLICA
CFP 11276/2016,ADMINISTRACION FRAUDULENTA,DEFRAUDACION POR ADMINISTRACION FRAUDULENTA
CFP 11276/2016,NEGOCIACIONES INCOMPATIBLES CON EL EJERCICIO DE FUNCIONES PÚBLICAS,NEGOCIACIONES INCOMPATIBLES (ART.265)
CFP 11276/2016,DEFRAUDACION AGRAVADA POR FRAUDE EN PERJUICIO DE LA ADMINISTRACION PÚBLICA,DEFRAUDACION CONTRA LA ADMINISTRACION PUBLICA
CFP 11276/2016,ABUSO DE AUTORIDAD Y VIOLACIÓN A LOS DEBERES DE FUNCIONARIOS PÚBLICOS ,ABUSO DE AUTORIDAD Y VIOL. DEB.FUNC.PUBL.(ART.248)
CFP 11276/2016,PECULADO,MALVERSACION DE CAUDALES PUBLICOS (ART.261)
CFP 10324/2016,MALVERSACIÓN DE CAUDALES PÚBLICOS,MALVERSACION DE CAUDALES PUBLICOS (ART.260)
CFP 10324/2016,OMISIÓN O RETARDO DE ACTO DE ALGÚN OFICIO,INCUMPLIM. DE AUTOR.Y VIOL.DEB.FUNC.PUBL.(ART.249)
CFP 10324/2016,ADMINISTRACION FRAUDULENTA,DEFRAUDACION POR ADMINISTRACION FRAUDULENTA
CFP 12193/2016,ENTORPECIMIENTO DE TRANSPORTE O SERVICIO PÚBLICO,ENTORPECIMIENTO DE SERVICIOS PUBLICOS (ART.194)
CFP 5924/2021,ABUSO DE AUTORIDAD Y VIOLACIÓN A LOS DEBERES DE FUNCIONARIOS PÚBLICOS ,ABUSO DE AUTORIDAD Y VIOL. DEB.FUNC.PUBL.(ART.248)
CFP 5924/2021,ENCUBRIMIENTO,ENCUBRIMIENTO (ART.277 INC.3)
CFP 5924/2021,TRÁFICO DE INFLUENCIA,INFRACCION ART 256 BIS - 1º PARRAFO
CFP 5924/2021,NEGOCIACIONES INCOMPATIBLES CON EL EJERCICIO DE FUNCIONES PÚBLICAS,NEGOCIACIONES INCOMPATIBLES (ART.265)
CFP 5924/2021,ENCUBRIMIENTO,ENCUBRIMIENTO ART. 277 INC. 1 APARTADO E
CFP 4596/2013,AVERIGUACIÓN DE DELITO,AVERIGUACION DE DELITO
CFP 14583/2015,DEFRAUDACION AGRAVADA POR FRAUDE EN PERJUICIO DE LA ADMINISTRACION PÚBLICA,DEFRAUDACION CONTRA LA ADMINISTRACION PUBLICA
CFP 14583/2015,ADMINISTRACION FRAUDULENTA,DEFRAUDACION POR ADMINISTRACION FRAUDULENTA
FCT 1785/2016,DEFRAUDACION AGRAVADA POR FRAUDE EN PERJUICIO DE LA ADMINISTRACION PÚBLICA,DEFRAUDACION CONTRA LA ADMINISTRACION PUBLICA
FCT 1785/2016,ESTAFA,ESTAFA
FCT 1785/2016,ABUSO DE AUTORIDAD Y VIOLACIÓN A LOS DEBERES DE FUNCIONARIOS PÚBLICOS ,ABUSO DE AUTORIDAD Y VIOL. DEB.FUNC.PUBL.(ART.248)
CFP 633/2022,,DAÑO AGRAVADO (ART.184 INC.5)
CFP 633/2022,ASOCIACION ILÍCITA,ASOCIACION ILICITA
CFP 9147/1998,DEFRAUDACION AGRAVADA POR FRAUDE EN PERJUICIO DE LA ADMINISTRACION PÚBLICA,DEFRAUDACION CONTRA LA ADMINISTRACION PUBLICA
CFP 758/2022,TURBACIÓN DE UN ACTO LEGÍTIMO DE AUTORIDAD,PERTURBACIONES AL EJER.DE LA FUNCION PUBLICA-INC.2
CFP 758/2022,OMISIÓN O RETARDO DE ACTO DE ALGÚN OFICIO,INCUMPLIM. DE AUTOR.Y VIOL.DEB.FUNC.PUBL.(ART.249)
CFP 758/2022,"DELITO DE ODIO A GRUPO NACIONAL, ÉTNICO, RACIAL O RELIGIOSO",INFRACCION LEY 23.592
CFP 5847/2020,FALSIFICACIÓN O ADULTERACIÓN DE INSTRUMENTOS PÚBLICOS,FALSIFICACION DOCUMENTOS PUBLICOS
CFP 5847/2020,FALSEDAD IDEOLÓGICA EN DOCUMENTOS,FALSEDAD IDEOLOGICA
CFP 5847/2020,DEFRAUDACION AGRAVADA POR FRAUDE EN PERJUICIO DE LA ADMINISTRACION PÚBLICA,DEFRAUDACION CONTRA LA ADMINISTRACION PUBLICA
CFP 15151/2016,AVERIGUACIÓN DE DELITO,AVERIGUACION DE DELITO
CFP 7129/2018,TRÁFICO DE INFLUENCIA AGRAVADO,INFRACCION ART 256 BIS - 2ª PARRAFO
CFP 7129/2018,PECULADO,MALVERSACION DE CAUDALES PUBLICOS (ART.261)
CFP 2357/2020,COACCIONES,COACCION (ART. 149 BIS)
CFP 2357/2020,EXTORSIÓN,EXTORSION
CFP 7099/2016,ABUSO DE AUTORIDAD Y VIOLACIÓN A LOS DEBERES DE FUNCIONARIOS PÚBLICOS ,ABUSO DE AUTORIDAD Y VIOL. DEB.FUNC.PUBL.(ART.248)
CFP 7099/2016,FALSIFICACIÓN O ADULTERACIÓN DE INSTRUMENTOS PÚBLICOS,FALSIFICACION DOCUMENTOS PUBLICOS
CFP 10158/2017,LAVADO DE ACTIVOS,INFRACCION ART. 303
CFP 544/2018,NO PRESENTAR DECLARACIÓN JURADA O FALSEAR U OMITIR DATOS,ENRIQUECIMIENTO ILICITO (ART 268 (3))
CFP 7787/2010,DEFRAUDACION AGRAVADA POR FRAUDE EN PERJUICIO DE LA ADMINISTRACION PÚBLICA,DEFRAUDACION CONTRA LA ADMINISTRACION PUBLICA
CFP 2053/2015,OMISIÓN DE AUXILIO,DENEGACION DE AUXILIO
CFP 2053/2015,ENCUBRIMIENTO,ENCUBRIMIENTO (ART.277)
CFP 2053/2015,ABUSO DE AUTORIDAD Y VIOLACIÓN A LOS DEBERES DE FUNCIONARIOS PÚBLICOS ,ABUSO DE AUTORIDAD Y VIOL. DEB.FUNC.PUBL.(ART.248)
CFP 3262/2017,ADMINISTRACION FRAUDULENTA,DEFRAUDACION POR ADMINISTRACION FRAUDULENTA
CFP 3262/2017,ABUSO DE AUTORIDAD Y VIOLACIÓN A LOS DEBERES DE FUNCIONARIOS PÚBLICOS ,ABUSO DE AUTORIDAD Y VIOL. DEB.FUNC.PUBL.(ART.248)
CFP 3262/2017,COHECHO,COHECHO
CFP 3262/2017,NEGOCIACIONES INCOMPATIBLES CON EL EJERCICIO DE FUNCIONES PÚBLICAS,NEGOCIACIONES INCOMPATIBLES (ART.265)
CFP 13127/2017,UTILIZACION DE INFORMACIÓN Y DATOS RESERVADOS,ENRIQUECIMIENTO ILICITO (ART.268 INC.1)
CPE 213/2016,OTROS,INFRACCION LEY 24.769
CPE 837/2016,OTROS,INFRACCION LEY 24.769
CPE 836/2016,OTROS,INFRACCION LEY 24.769
CPE 835/2016,OTROS,INFRACCION LEY 24.769
CPE 833/2016,OTROS,INFRACCION LEY 24.769
CFP 370/2007,DEFRAUDACION AGRAVADA POR FRAUDE EN PERJUICIO DE LA ADMINISTRACION PÚBLICA,DEFRAUDACION CONTRA LA ADMINISTRACION PUBLICA
CFP 9334/2016,AVERIGUACIÓN DE DELITO,AVERIGUACION DE DELITO
CFP 3446/2012,ABUSO DE AUTORIDAD Y VIOLACIÓN A LOS DEBERES DE FUNCIONARIOS PÚBLICOS ,ABUSO DE AUTORIDAD Y VIOL. DEB.FUNC.PUBL.(ART.248)
CCC 20736/2019,OMISIÓN O RETARDO DE ACTO DE ALGÚN OFICIO,INCUMPLIM. DE AUTOR.Y VIOL.DEB.FUNC.PUBL.(ART.249)
CCC 20736/2019,RESISTENCIA O DESOBEDIENCIA A UN FUNCIONARIO PÚBLICO,RESISTENCIA O DESOBEDIENCIA A FUNCIONARIO PUBLICO
CFP 5196/2021,DEFRAUDACION AGRAVADA POR FRAUDE EN PERJUICIO DE LA ADMINISTRACION PÚBLICA,DEFRAUDACION CONTRA LA ADMINISTRACION PUBLICA
CFP 5196/2021,FALSEDAD IDEOLÓGICA EN DOCUMENTOS,FALSEDAD IDEOLOGICA
CFP 12053/2007,OTROS,DELITO DE ACCION PUBLICA
CFP 16424/2016,MALVERSACIÓN DE CAUDALES PÚBLICOS,MALVERSACION DE CAUDALES PUBLICOS (ART.260)
FCB 6773/2016,AVERIGUACIÓN DE DELITO,AVERIGUACION DE DELITO
CFP 10343/2016,LAVADO DE ACTIVOS,INFRACCION ART. 303
CFP 14389/2016,AVERIGUACIÓN DE DELITO,AVERIGUACION DE DELITO
CFP 5286/2021,AVERIGUACIÓN DE DELITO,AVERIGUACION DE DELITO
CFP 12738/2016,AVERIGUACIÓN DE DELITO,AVERIGUACION DE DELITO
CFP 2160/2009,ADMISIÓN DE DÁDIVAS,ACEPTACION DE DADIVA
CFP 12113/2013,EXPLOTACIÓN DE PERSONAS,INFRACCION ART. 145 BIS - CONFORME LEY 26.842
CFP 12113/2013,OTROS,INFRACCION LEY 23.737
CFP 12113/2013,EXPLOTACIÓN DE PERSONAS AGRAVADA,INFRACCION ART. 145 TER - CONFORME ART 26. LEY 26.842
CFP 15390/2016,DEFRAUDACION AGRAVADA POR FRAUDE EN PERJUICIO DE LA ADMINISTRACION PÚBLICA,DEFRAUDACION CONTRA LA ADMINISTRACION PUBLICA
CFP 15390/2016,OMISIÓN O RETARDO DE ACTO DE ALGÚN OFICIO,INCUMPLIM. DE AUTOR.Y VIOL.DEB.FUNC.PUBL.(ART.249)
CFP 15390/2016,ADMINISTRACION FRAUDULENTA,DEFRAUDACION POR ADMINISTRACION FRAUDULENTA
CFP 14241/2010,PRIVACIÓN ILEGAL DE LA LIBERTAD,PRIVACION ILEGAL LIBERTAD PERSONAL
CCC 35089/2018,ABUSO DE AUTORIDAD Y VIOLACIÓN A LOS DEBERES DE FUNCIONARIOS PÚBLICOS ,ABUSO DE AUTORIDAD Y VIOL. DEB.FUNC.PUBL.(ART.248)
CCC 35089/2018,COACCION,COACCION PARA TOMAR PARTE EN HUELGA
CCC 35089/2018,COACCIONES,COACCION (ART. 149 BIS)
CCC 60847/2014,ADMINISTRACION FRAUDULENTA,DEFRAUDACION POR ADMINISTRACION FRAUDULENTA
CFP 1593/2019,LAVADO DE ACTIVOS,INFRACCION ART. 303 INC. 1
CFP 14133/2017,NEGOCIACIONES INCOMPATIBLES CON EL EJERCICIO DE FUNCIONES PÚBLICAS,NEGOCIACIONES INCOMPATIBLES (ART.265)
CFP 14133/2017,OMISIÓN O RETARDO DE ACTO DE ALGÚN OFICIO,INCUMPLIM. DE AUTOR.Y VIOL.DEB.FUNC.PUBL.(ART.249)
CFP 11913/2012,MALVERSACIÓN DE CAUDALES PÚBLICOS CULPOSA,MALVERSACION CULPOSA
CFP 10348/2017,DEFRAUDACION AGRAVADA POR FRAUDE EN PERJUICIO DE LA ADMINISTRACION PÚBLICA,DEFRAUDACION CONTRA LA ADMINISTRACION PUBLICA
CFP 5120/2019,AVERIGUACIÓN DE DELITO,AVERIGUACION DE DELITO
CFP 11297/2012,DEFRAUDACIÓN MEDIANTE EL USO DE UNA TARJETA DE COMPRA,DEFRAUDACION (ART.173 INC.15)
CFP 9629/2018,ABUSO DE AUTORIDAD Y VIOLACIÓN A LOS DEBERES DE FUNCIONARIOS PÚBLICOS ,ABUSO DE AUTORIDAD Y VIOL. DEB.FUNC.PUBL.(ART.248)
CFP 5046/2021,ABUSO DE AUTORIDAD Y VIOLACIÓN A LOS DEBERES DE FUNCIONARIOS PÚBLICOS ,ABUSO DE AUTORIDAD Y VIOL. DEB.FUNC.PUBL.(ART.248)
CFP 14642/2000,PECULADO,MALVERSACION DE CAUDALES PUBLICOS (ART.261)
CFP 8720/2002,MALVERSACIÓN DE CAUDALES PÚBLICOS,MALVERSACION DE CAUDALES PUBLICOS (ART.260)
CFP 8720/2002,DEFRAUDACION AGRAVADA POR FRAUDE EN PERJUICIO DE LA ADMINISTRACION PÚBLICA,DEFRAUDACION CONTRA LA ADMINISTRACION PUBLICA
CFP 8720/2002,OMISIÓN O RETARDO DE ACTO DE ALGÚN OFICIO,INCUMPLIM. DE AUTOR.Y VIOL.DEB.FUNC.PUBL.(ART.249)
CFP 4773/2013,ABUSO DE AUTORIDAD Y VIOLACIÓN A LOS DEBERES DE FUNCIONARIOS PÚBLICOS ,ABUSO DE AUTORIDAD Y VIOL. DEB.FUNC.PUBL.(ART.248)
CFP 4773/2013,ENCUBRIMIENTO,ENCUBRIMIENTO ART. 277 INC. 3 APARTADO D
CFP 4773/2013,ABUSO DE AUTORIDAD E INCUMPLIMIENTO DE LOS DEBERES DE LOS FUNCIONARIOS PÚBLICOS,INFRACCION ART. 248 BIS
CFP 4773/2013,ABANDONO DE PERSONAS,ABANDONO DE PERSONAS
CFP 10317/2018,"ENVENAMIENTO, ADULTERACIÓN O CONTAMINACIÓN DEL SUELO, EL AGUA, LA ATMÓSFERA O EL AMBIENTE EN GENERAL",INFRACCION LEY 24.051 (ART.55)
CFP 14234/2016,FALSEDAD IDEOLÓGICA EN DOCUMENTOS,FALSEDAD IDEOLOGICA
CFP 14234/2016,OMISIÓN O RETARDO DE ACTO DE ALGÚN OFICIO,INCUMPLIM. DE AUTOR.Y VIOL.DEB.FUNC.PUBL.(ART.249)
CFP 14234/2016,DEFRAUDACION AGRAVADA POR FRAUDE EN PERJUICIO DE LA ADMINISTRACION PÚBLICA,DEFRAUDACION CONTRA LA ADMINISTRACION PUBLICA
CFP 14234/2016,NEGOCIACIONES INCOMPATIBLES CON EL EJERCICIO DE FUNCIONES PÚBLICAS,NEGOCIACIONES INCOMPATIBLES (ART.265)
CFP 8500/2020,,INFRACCION LEY 25.520 - ART. 42
CFP 8500/2020,,INFRACCION LEY 25.520 - ART. 43
CFP 8500/2020,,INFRACCION LEY 13.985
CFP 14139/2016,AVERIGUACIÓN DE DELITO,AVERIGUACION DE DELITO
CFP 9074/2012,OTROS,DELITO DE ACCION PUBLICA
CFP 1122/2015,UTILIZACION DE INFORMACIÓN Y DATOS RESERVADOS,ENRIQUECIMIENTO ILICITO (ART.268 INC.1)
CFP 20139/2017,OMISIÓN O RETARDO DE ACTO DE ALGÚN OFICIO,INCUMPLIM. DE AUTOR.Y VIOL.DEB.FUNC.PUBL.(ART.249)
CFP 2752/2016,ABUSO DE AUTORIDAD Y VIOLACIÓN A LOS DEBERES DE FUNCIONARIOS PÚBLICOS ,ABUSO DE AUTORIDAD Y VIOL. DEB.FUNC.PUBL.(ART.248)
CFP 2752/2016,TRAICIÓN AGRAVADA POR PROCURAR EL SOMETIMIENTO TOTAL O PARCIAL DE LA NACIÓN O SU MENOSCABO,TRAICION CON SOMETIMIENTO (ART.215 INC.1)
CFP 2752/2016,ADMINISTRACION FRAUDULENTA,DEFRAUDACION POR ADMINISTRACION FRAUDULENTA
CFP 1791/2014,MALVERSACIÓN DE CAUDALES PÚBLICOS,MALVERSACION DE CAUDALES PUBLICOS (ART.260)
CFP 2585/2016,MALVERSACIÓN DE CAUDALES PÚBLICOS,MALVERSACION DE CAUDALES PUBLICOS (ART.260)
CFP 2585/2016,PECULADO,MALVERSACION DE CAUDALES PUBLICOS (ART.261)
CFP 2585/2016,DEFRAUDACION AGRAVADA POR FRAUDE EN PERJUICIO DE LA ADMINISTRACION PÚBLICA,DEFRAUDACION CONTRA LA ADMINISTRACION PUBLICA
CFP 2585/2016,ABUSO DE AUTORIDAD Y VIOLACIÓN A LOS DEBERES DE FUNCIONARIOS PÚBLICOS ,ABUSO DE AUTORIDAD Y VIOL. DEB.FUNC.PUBL.(ART.248)
CFP 2643/2012,ABUSO DE AUTORIDAD Y VIOLACIÓN A LOS DEBERES DE FUNCIONARIOS PÚBLICOS ,ABUSO DE AUTORIDAD Y VIOL. DEB.FUNC.PUBL.(ART.248)
CFP 2643/2012,DEFRAUDACION AGRAVADA POR FRAUDE EN PERJUICIO DE LA ADMINISTRACION PÚBLICA,DEFRAUDACION CONTRA LA ADMINISTRACION PUBLICA
CFP 2643/2012,ADMINISTRACION FRAUDULENTA,DEFRAUDACION POR ADMINISTRACION FRAUDULENTA
CFP 4263/2014,MALVERSACIÓN DE CAUDALES PÚBLICOS,MALVERSACION DE CAUDALES PUBLICOS (ART.260)
CFP 4263/2014,OMISIÓN O RETARDO DE ACTO DE ALGÚN OFICIO,INCUMPLIM. DE AUTOR.Y VIOL.DEB.FUNC.PUBL.(ART.249)
CFP 4263/2014,REQUERIMIENTO INDEBIDO DE LA FUERZA PÚBLICA,REQUERIMIENTO INDEBIDO DE FUERZA PUBLICA
CFP 4263/2014,COACCIONES,COACCION (ART. 149 BIS)
CFP 4263/2014,FALSEDAD IDEOLÓGICA EN DOCUMENTOS,FALSEDAD IDEOLOGICA
CFP 4263/2014,ESTAFA,ESTAFA
CFP 1107/2021,NEGOCIACIONES INCOMPATIBLES CON EL EJERCICIO DE FUNCIONES PÚBLICAS,NEGOCIACIONES INCOMPATIBLES (ART.265)
CFP 1107/2021,ABUSO DE AUTORIDAD Y VIOLACIÓN A LOS DEBERES DE FUNCIONARIOS PÚBLICOS ,ABUSO DE AUTORIDAD Y VIOL. DEB.FUNC.PUBL.(ART.248)
CFP 1107/2021,DEFRAUDACION AGRAVADA POR FRAUDE EN PERJUICIO DE LA ADMINISTRACION PÚBLICA,DEFRAUDACION CONTRA LA ADMINISTRACION PUBLICA
CFP 420/2022,,INFRACCION LEY 23.737 (ART.11 INC.D)
CFP 420/2022,,INFRACCION LEY 23.737 (ART.11 INC.C)
CFP 420/2022,COMERCIALIZACIÓN DE ESTUPEFACIENTES,INFRACCION LEY 23.737 (ART.5 INC.C)
CFP 420/2022,ASOCIACION ILÍCITA,ASOCIACION ILICITA
CFP 420/2022,COHECHO,COHECHO
CFP 3531/2021,RESISTENCIA O DESOBEDIENCIA A UN FUNCIONARIO PÚBLICO,RESISTENCIA O DESOBEDIENCIA A FUNCIONARIO PUBLICO
CFP 3531/2021,VIOLACION DE MEDIDAS-PROPAGACION EPIDEMIA,VIOLACION DE MEDIDAS-PROPAGACION EPIDEMIA(ART.205)
CFP 18704/2018,PECULADO,MALVERSACION DE CAUDALES PUBLICOS (ART.261)
CFP 2648/2005,OMISIÓN O RETARDO DE ACTO DE ALGÚN OFICIO,INCUMPLIM. DE AUTOR.Y VIOL.DEB.FUNC.PUBL.(ART.249)
CFP 12449/2016,AVERIGUACIÓN DE DELITO,AVERIGUACION DE DELITO
CFP 4745/2021,VIOLACION DE MEDIDAS-PROPAGACION EPIDEMIA,VIOLACION DE MEDIDAS-PROPAGACION EPIDEMIA(ART.205)
CFP 275/2022,OMISIÓN O RETARDO DE ACTO DE ALGÚN OFICIO,INCUMPLIM. DE AUTOR.Y VIOL.DEB.FUNC.PUBL.(ART.249)
CFP 275/2022,ABUSO DE AUTORIDAD Y VIOLACIÓN A LOS DEBERES DE FUNCIONARIOS PÚBLICOS ,ABUSO DE AUTORIDAD Y VIOL. DEB.FUNC.PUBL.(ART.248)
CFP 1099/2020,ASOCIACION ILÍCITA,ASOCIACION ILICITA
CFP 1099/2020,USURPACIÓN DE AUTORIDAD,USURPACION DE AUTORIDAD (ART.246 INC.3)
CFP 1099/2020,ABUSO DE AUTORIDAD Y VIOLACIÓN A LOS DEBERES DE FUNCIONARIOS PÚBLICOS ,ABUSO DE AUTORIDAD Y VIOL. DEB.FUNC.PUBL.(ART.248)
CFP 1099/2020,MALVERSACIÓN DE CAUDALES PÚBLICOS,MALVERSACION DE CAUDALES PUBLICOS (ART.260)
CFP 1099/2020,MALVERSACIÓN DE CAUDALES PÚBLICOS CULPOSA,MALVERSACION CULPOSA
CFP 1099/2020,ADMINISTRACION FRAUDULENTA,DEFRAUDACION POR ADMINISTRACION FRAUDULENTA
CFP 1099/2020,PECULADO,MALVERSACION DE CAUDALES PUBLICOS (ART.261)
CFP 1099/2020,DEFRAUDACION AGRAVADA POR FRAUDE EN PERJUICIO DE LA ADMINISTRACION PÚBLICA,DEFRAUDACION CONTRA LA ADMINISTRACION PUBLICA
CFP 1099/2020,FALTA DE REQUISITOS LEGALES PARA EL NOMBRAMIENTO O LA ACEPTACIÓN DE UN CARGO PÚBLICO,NOMBRAMIENTOS ILEGALES
CFP 14694/2017,FALSEDAD IDEOLÓGICA EN DOCUMENTOS,FALSEDAD IDEOLOGICA
CFP 284/2022,EXTORSIÓN,EXTORSION
CFP 4973/2010,ADMINISTRACION FRAUDULENTA,DEFRAUDACION POR ADMINISTRACION FRAUDULENTA
CFP 4973/2010,ABUSO DE AUTORIDAD Y VIOLACIÓN A LOS DEBERES DE FUNCIONARIOS PÚBLICOS ,ABUSO DE AUTORIDAD Y VIOL. DEB.FUNC.PUBL.(ART.248)
CFP 4973/2010,ESTAFA,ESTAFA
CFP 2836/2021,ABUSO DE AUTORIDAD Y VIOLACIÓN A LOS DEBERES DE FUNCIONARIOS PÚBLICOS ,ABUSO DE AUTORIDAD Y VIOL. DEB.FUNC.PUBL.(ART.248)
CFP 2836/2021,DEFRAUDACION AGRAVADA POR FRAUDE EN PERJUICIO DE LA ADMINISTRACION PÚBLICA,DEFRAUDACION CONTRA LA ADMINISTRACION PUBLICA
CFP 2836/2021,ADMINISTRACION FRAUDULENTA,DEFRAUDACION POR ADMINISTRACION FRAUDULENTA
CFP 11663/2000,DEFRAUDACION AGRAVADA POR FRAUDE EN PERJUICIO DE LA ADMINISTRACION PÚBLICA,DEFRAUDACION CONTRA LA ADMINISTRACION PUBLICA
CFP 6850/2020,ADMINISTRACION FRAUDULENTA,DEFRAUDACION POR ADMINISTRACION FRAUDULENTA
CFP 6850/2020,NEGOCIACIONES INCOMPATIBLES CON EL EJERCICIO DE FUNCIONES PÚBLICAS,NEGOCIACIONES INCOMPATIBLES (ART.265)
CFP 6850/2020,DEFRAUDACION AGRAVADA POR FRAUDE EN PERJUICIO DE LA ADMINISTRACION PÚBLICA,DEFRAUDACION CONTRA LA ADMINISTRACION PUBLICA
CFP 13216/2012,NEGOCIACIONES INCOMPATIBLES CON EL EJERCICIO DE FUNCIONES PÚBLICAS,NEGOCIACIONES INCOMPATIBLES (ART.265)
CFP 13216/2012,MALVERSACIÓN DE CAUDALES PÚBLICOS,MALVERSACION DE CAUDALES PUBLICOS (ART.260)
CFP 13216/2012,DEFRAUDACION AGRAVADA POR FRAUDE EN PERJUICIO DE LA ADMINISTRACION PÚBLICA,DEFRAUDACION CONTRA LA ADMINISTRACION PUBLICA
CFP 13216/2012,ADMINISTRACION FRAUDULENTA,DEFRAUDACION POR ADMINISTRACION FRAUDULENTA
CFP 2745/2010,OTROS,DELITO DE ACCION PUBLICA
CFP 3477/2016,ADMINISTRACION FRAUDULENTA,DEFRAUDACION POR ADMINISTRACION FRAUDULENTA
CFP 3477/2016,DEFRAUDACION AGRAVADA POR FRAUDE EN PERJUICIO DE LA ADMINISTRACION PÚBLICA,DEFRAUDACION CONTRA LA ADMINISTRACION PUBLICA
CFP 4591/2016,DEFRAUDACION AGRAVADA POR FRAUDE EN PERJUICIO DE LA ADMINISTRACION PÚBLICA,DEFRAUDACION CONTRA LA ADMINISTRACION PUBLICA
CFP 4591/2016,ADMINISTRACION FRAUDULENTA,DEFRAUDACION POR ADMINISTRACION FRAUDULENTA
FRE 2110/2016,PECULADO,MALVERSACION DE CAUDALES PUBLICOS (ART.261)
FRE 2110/2016,ABUSO DE AUTORIDAD Y VIOLACIÓN A LOS DEBERES DE FUNCIONARIOS PÚBLICOS ,ABUSO DE AUTORIDAD Y VIOL. DEB.FUNC.PUBL.(ART.248)
FRE 2110/2016,DEFRAUDACION AGRAVADA POR FRAUDE EN PERJUICIO DE LA ADMINISTRACION PÚBLICA,DEFRAUDACION CONTRA LA ADMINISTRACION PUBLICA
CFP 7592/2021,AVERIGUACIÓN DE DELITO,AVERIGUACION DE DELITO
CFP 13722/2016,ENCUBRIMIENTO,ENCUBRIMIENTO (ART.277)
CFP 13722/2016,UTILIZACION DE INFORMACIÓN Y DATOS RESERVADOS,ENRIQUECIMIENTO ILICITO (ART.268 INC.1)
CFP 13722/2016,COACCIONES,COACCION (ART. 149 BIS)
CFP 13722/2016,OMISIÓN O RETARDO DE ACTO DE ALGÚN OFICIO,INCUMPLIM. DE AUTOR.Y VIOL.DEB.FUNC.PUBL.(ART.249)
CFP 13722/2016,ASOCIACION ILÍCITA,ASOCIACION ILICITA
CFP 13722/2016,COHECHO,COHECHO
CFP 13722/2016,EXTORSIÓN,EXTORSION
CCC 58272/2016,AVERIGUACIÓN DE DELITO,AVERIGUACION DE DELITO
CFP 7257/2020,AVERIGUACIÓN DE DELITO,AVERIGUACION DE DELITO
CFP 12590/2014,ASOCIACION ILÍCITA,ASOCIACION ILICITA
CFP 12590/2014,LAVADO DE ACTIVOS,INFRACCION ART. 303
CFP 12590/2014,ABUSO DE AUTORIDAD Y VIOLACIÓN A LOS DEBERES DE FUNCIONARIOS PÚBLICOS ,ABUSO DE AUTORIDAD Y VIOL. DEB.FUNC.PUBL.(ART.248)
CFP 12590/2014,PECULADO,MALVERSACION DE CAUDALES PUBLICOS (ART.261)
CFP 12590/2014,RESPONSABILIDAD PENAL DE LAS PERSONAS JURÍDICAS,INFRACCION ART. 304
CFP 12590/2014,UTILIZACION DE INFORMACIÓN Y DATOS RESERVADOS,ENRIQUECIMIENTO ILICITO (ART.268 INC.1)
CFP 12590/2014,FALSEDAD IDEOLÓGICA EN DOCUMENTOS,FALSEDAD IDEOLOGICA
CFP 12590/2014,NEGOCIACIONES INCOMPATIBLES CON EL EJERCICIO DE FUNCIONES PÚBLICAS,NEGOCIACIONES INCOMPATIBLES (ART.265)
CFP 12590/2014,DEFRAUDACION AGRAVADA POR FRAUDE EN PERJUICIO DE LA ADMINISTRACION PÚBLICA,DEFRAUDACION CONTRA LA ADMINISTRACION PUBLICA
CFP 22026/2018,USO DE DOCUMENTO FALSIFICADO O ADULTERADO,USO DE DOCUMENTO ADULTERADO O FALSO (ART.296)
CFP 22026/2018,FALSEDAD IDEOLÓGICA EN DOCUMENTOS,FALSEDAD IDEOLOGICA
CFP 12000144/1980,"SUBVERSIÓN ECONÓMICA POR DIRECTORES, ADMINISTRADORES, GERENTES O LIQUIDADORES",INFRACCION LEY 20.840 (ART.8)
CFP 6152/2019,DEFRAUDACION AGRAVADA POR FRAUDE EN PERJUICIO DE LA ADMINISTRACION PÚBLICA,DEFRAUDACION CONTRA LA ADMINISTRACION PUBLICA
CFP 6152/2019,ABUSO DE AUTORIDAD Y VIOLACIÓN A LOS DEBERES DE FUNCIONARIOS PÚBLICOS ,ABUSO DE AUTORIDAD Y VIOL. DEB.FUNC.PUBL.(ART.248)
CFP 8356/2016,ABUSO DE AUTORIDAD Y VIOLACIÓN A LOS DEBERES DE FUNCIONARIOS PÚBLICOS ,ABUSO DE AUTORIDAD Y VIOL. DEB.FUNC.PUBL.(ART.248)
CFP 8356/2016,ADMINISTRACION FRAUDULENTA,DEFRAUDACION POR ADMINISTRACION FRAUDULENTA
CFP 8356/2016,NEGOCIACIONES INCOMPATIBLES CON EL EJERCICIO DE FUNCIONES PÚBLICAS,NEGOCIACIONES INCOMPATIBLES (ART.265)
CFP 8356/2016,DESBARATAMIENTO DE DERECHOS ACORDADOS,DEFRAUDACION POR SUSTRACCION DE UN DERECHO
CFP 20018/2017,ENRIQUECIMIENTO ILÍCITO DE FUNCIONARIO PÚBLICO,ENRIQUECIMIENTO ILICITO (ART.268 INC.2)
CFP 8316/2011,OTROS,DELITO DE ACCION PUBLICA
CPE 1341/2018,OTROS,INFRACCION LEY 24.769
CPE 1720/2018,OTROS,INFRACCION LEY 24.769
CFP 21422/2018,ABUSO DE AUTORIDAD Y VIOLACIÓN A LOS DEBERES DE FUNCIONARIOS PÚBLICOS ,ABUSO DE AUTORIDAD Y VIOL. DEB.FUNC.PUBL.(ART.248)
CFP 21422/2018,FALSO TESTIMONIO,FALSO TESTIMONIO
CFP 21422/2018,OMISIÓN O RETARDO DE ACTO DE ALGÚN OFICIO,INCUMPLIM. DE AUTOR.Y VIOL.DEB.FUNC.PUBL.(ART.249)
CFP 6187/2020,FALSIFICACIÓN O ADULTERACIÓN DE DOCUMENTOS PRIVADO,FALSIFICACION DOCUMENTO PRIVADO
CFP 6187/2020,ESTAFA,ESTAFA
CFP 6187/2020,USO DE DOCUMENTO FALSIFICADO O ADULTERADO,USO DE DOCUMENTO ADULTERADO O FALSO (ART.296)
CFP 6187/2020,DEFRAUDACION AGRAVADA POR FRAUDE EN PERJUICIO DE LA ADMINISTRACION PÚBLICA,DEFRAUDACION CONTRA LA ADMINISTRACION PUBLICA
CFP 15407/2010,SUMINISTRO INFIEL DE SUSTANCIAS MEDICINALES,SUMINISTRO INFIEL DE SUST.MEDICIN. *MOD LEY 26.524
CFP 15407/2010,ESTAFA,ESTAFA
CFP 15407/2010,DEFRAUDACION AGRAVADA POR FRAUDE EN PERJUICIO DE LA ADMINISTRACION PÚBLICA,DEFRAUDACION CONTRA LA ADMINISTRACION PUBLICA
CFP 2876/2018,AVERIGUACIÓN DE DELITO,AVERIGUACION DE DELITO
CFP 14188/2015,DEFRAUDACION,DEFRAUDACION
CFP 998/2021,AVERIGUACIÓN DE DELITO,AVERIGUACION DE DELITO
FCB 32023375/2012,OMISIÓN O RETARDO DE ACTO DE ALGÚN OFICIO,INCUMPLIM. DE AUTOR.Y VIOL.DEB.FUNC.PUBL.(ART.249)
CFP 7171/2016,AVERIGUACIÓN DE DELITO,AVERIGUACION DE DELITO
CFP 11072/2007,ADMINISTRACION FRAUDULENTA,DEFRAUDACION POR ADMINISTRACION FRAUDULENTA
CFP 11072/2007,DEFRAUDACION AGRAVADA POR FRAUDE EN PERJUICIO DE LA ADMINISTRACION PÚBLICA,DEFRAUDACION CONTRA LA ADMINISTRACION PUBLICA
CFP 2123/2018,AVERIGUACIÓN DE DELITO,AVERIGUACION DE DELITO
CFP 9731/2016,ASOCIACION ILÍCITA,ASOCIACION ILICITA
CFP 7978/2018,ABUSO DE AUTORIDAD Y VIOLACIÓN A LOS DEBERES DE FUNCIONARIOS PÚBLICOS ,ABUSO DE AUTORIDAD Y VIOL. DEB.FUNC.PUBL.(ART.248)
CFP 7978/2018,NEGOCIACIONES INCOMPATIBLES CON EL EJERCICIO DE FUNCIONES PÚBLICAS,NEGOCIACIONES INCOMPATIBLES (ART.265)
CFP 7978/2018,ADMINISTRACION FRAUDULENTA,DEFRAUDACION POR ADMINISTRACION FRAUDULENTA
CFP 14411/2018,OMISIÓN O RETARDO DE ACTO DE ALGÚN OFICIO,INCUMPLIM. DE AUTOR.Y VIOL.DEB.FUNC.PUBL.(ART.249)
CFP 14411/2018,ABUSO DE AUTORIDAD Y VIOLACIÓN A LOS DEBERES DE FUNCIONARIOS PÚBLICOS ,ABUSO DE AUTORIDAD Y VIOL. DEB.FUNC.PUBL.(ART.248)
CFP 8162/2004,TRÁFICO DE INFLUENCIA,INFRACCION ART 256 BIS - 1º PARRAFO
CFP 8162/2004,DEFRAUDACION AGRAVADA POR FRAUDE EN PERJUICIO DE LA ADMINISTRACION PÚBLICA,DEFRAUDACION CONTRA LA ADMINISTRACION PUBLICA
CFP 8162/2004,TRÁFICO DE INFLUENCIA AGRAVADO,INFRACCION ART 256 BIS - 2ª PARRAFO
CFP 8162/2004,OMISIÓN O RETARDO DE ACTO DE ALGÚN OFICIO,INCUMPLIM. DE AUTOR.Y VIOL.DEB.FUNC.PUBL.(ART.249)
CFP 8162/2004,COHECHO,COHECHO
CFP 8162/2004,PECULADO,MALVERSACION DE CAUDALES PUBLICOS (ART.261)
CFP 8162/2004,MALVERSACIÓN DE CAUDALES PÚBLICOS,MALVERSACION DE CAUDALES PUBLICOS (ART.260)
CFP 8162/2004,ABUSO DE AUTORIDAD Y VIOLACIÓN A LOS DEBERES DE FUNCIONARIOS PÚBLICOS ,ABUSO DE AUTORIDAD Y VIOL. DEB.FUNC.PUBL.(ART.248)
CFP 6297/2012,MALVERSACIÓN DE CAUDALES PÚBLICOS,MALVERSACION DE CAUDALES PUBLICOS (ART.260)
CFP 6297/2012,NEGOCIACIONES INCOMPATIBLES CON EL EJERCICIO DE FUNCIONES PÚBLICAS,NEGOCIACIONES INCOMPATIBLES (ART.265)
CFP 6297/2012,ABUSO DE AUTORIDAD Y VIOLACIÓN A LOS DEBERES DE FUNCIONARIOS PÚBLICOS ,ABUSO DE AUTORIDAD Y VIOL. DEB.FUNC.PUBL.(ART.248)
CFP 20517/2017,FALSIFICACIÓN O ADULTERACIÓN DE INSTRUMENTOS PÚBLICOS,FALSIFICACION DOCUMENTOS PUBLICOS
CFP 20517/2017,ABUSO DE AUTORIDAD Y VIOLACIÓN A LOS DEBERES DE FUNCIONARIOS PÚBLICOS ,ABUSO DE AUTORIDAD Y VIOL. DEB.FUNC.PUBL.(ART.248)
CFP 20517/2017,OMISIÓN O RETARDO DE ACTO DE ALGÚN OFICIO,INCUMPLIM. DE AUTOR.Y VIOL.DEB.FUNC.PUBL.(ART.249)
CFP 20517/2017,DEFRAUDACION AGRAVADA POR FRAUDE EN PERJUICIO DE LA ADMINISTRACION PÚBLICA,DEFRAUDACION CONTRA LA ADMINISTRACION PUBLICA
CFP 7283/2021,AVERIGUACIÓN DE DELITO,AVERIGUACION DE DELITO
CFP 11623/2014,DEFRAUDACION AGRAVADA POR FRAUDE EN PERJUICIO DE LA ADMINISTRACION PÚBLICA,DEFRAUDACION CONTRA LA ADMINISTRACION PUBLICA
CFP 7230/2021,AVERIGUACIÓN DE DELITO,AVERIGUACION DE DELITO
CFP 13077/2017,DEFRAUDACION AGRAVADA POR FRAUDE EN PERJUICIO DE LA ADMINISTRACION PÚBLICA,DEFRAUDACION CONTRA LA ADMINISTRACION PUBLICA
CFP 13077/2017,ESTAFA,ESTAFA
CFP 18708/2016,ASOCIACION ILÍCITA,ASOCIACION ILICITA
CFP 18708/2016,COHECHO,COHECHO
CFP 18708/2016,DEFRAUDACION AGRAVADA POR FRAUDE EN PERJUICIO DE LA ADMINISTRACION PÚBLICA,DEFRAUDACION CONTRA LA ADMINISTRACION PUBLICA
CFP 4729/2021,VIOLACION DE MEDIDAS-PROPAGACION EPIDEMIA,VIOLACION DE MEDIDAS-PROPAGACION EPIDEMIA(ART.205)
CFP 2206/2018,NO PRESENTAR DECLARACIÓN JURADA O FALSEAR U OMITIR DATOS,ENRIQUECIMIENTO ILICITO (ART 268 (3))
CFP 2206/2018,LAVADO DE ACTIVOS,INFRACCION ART. 303
CFP 13233/2018,AVERIGUACIÓN DE DELITO,AVERIGUACION DE DELITO
CFP 8507/2009,UTILIZACION DE INFORMACIÓN Y DATOS RESERVADOS,ENRIQUECIMIENTO ILICITO (ART.268 INC.1)
CFP 10732/2016,COHECHO,COHECHO
CFP 10732/2016,ASOCIACION ILÍCITA,ASOCIACION ILICITA
CFP 4748/2021,VIOLACION DE MEDIDAS-PROPAGACION EPIDEMIA,VIOLACION DE MEDIDAS-PROPAGACION EPIDEMIA(ART.205)
CFP 3518/2006,DEFRAUDACION AGRAVADA POR FRAUDE EN PERJUICIO DE LA ADMINISTRACION PÚBLICA,DEFRAUDACION CONTRA LA ADMINISTRACION PUBLICA
CFP 3518/2006,OMISIÓN O RETARDO DE ACTO DE ALGÚN OFICIO,INCUMPLIM. DE AUTOR.Y VIOL.DEB.FUNC.PUBL.(ART.249)
CFP 3518/2006,CONTRABANDO,INFRACCION LEY 22.415
CFP 8390/2010,MALVERSACIÓN DE CAUDALES PÚBLICOS,MALVERSACION DE CAUDALES PUBLICOS (ART.260)
CFP 8390/2010,OTROS,INFRACCION LEY 24.769
CFP 8390/2010,FALSIFICACIÓN O ADULTERACIÓN DE INSTRUMENTOS PÚBLICOS,FALSIFICACION DOCUMENTOS PUBLICOS
CFP 8390/2010,ABUSO DE AUTORIDAD Y VIOLACIÓN A LOS DEBERES DE FUNCIONARIOS PÚBLICOS ,ABUSO DE AUTORIDAD Y VIOL. DEB.FUNC.PUBL.(ART.248)
CFP 8390/2010,DEFRAUDACION AGRAVADA POR ESTAFA DE SEGUROS,DEFRAUDACION DE SEGUROS
CFP 4626/2012,PRIVACIÓN ABUSIVA DE LIBERTAD,PRIVACION ILEGAL DE LIBERTAD (ART.144 BIS INC.1)
CFP 4626/2012,ABUSO DE AUTORIDAD Y VIOLACIÓN A LOS DEBERES DE FUNCIONARIOS PÚBLICOS ,ABUSO DE AUTORIDAD Y VIOL. DEB.FUNC.PUBL.(ART.248)
CFP 7084/2016,FALSEDAD IDEOLÓGICA EN DOCUMENTOS,FALSEDAD IDEOLOGICA
CFP 7084/2016,FALSIFICACIÓN O ADULTERACIÓN DE INSTRUMENTOS PÚBLICOS,FALSIFICACION DOCUMENTOS PUBLICOS
CPE 862/2016,OTROS,INFRACCION LEY 24.769
CPE 834/2016,OTROS,INFRACCION LEY 24.769
CPE 688/2018,OTROS,INFRACCION LEY 24.769
CPE 351/2018,OTROS,INFRACCION LEY 24.769
CPE 448/2019,OTROS,INFRACCION LEY 24.769
CPE 1895/2018,OTROS,INFRACCION LEY 24.769
CPE 352/2018,OTROS,INFRACCION LEY 24.769
CFP 20986/2018,APROPIACIÓN INDEBIDA DE RECURSOS DE LA SEGURIDAD SOCIAL,APROPIACION INDEBIDA DE RECURSOS DE LA SEG. SOCIAL
CFP 20990/2018,APROPIACIÓN INDEBIDA DE RECURSOS DE LA SEGURIDAD SOCIAL,APROPIACION INDEBIDA DE RECURSOS DE LA SEG. SOCIAL
CPE 286/2019,OTROS,INFRACCION LEY 24.769
CPE 2037/2017,OTROS,INFRACCION LEY 24.769
CPE 350/2018,OTROS,INFRACCION LEY 24.769
CFP 20332/2018,DEPOSITARIO INFIEL,DEFRAUDACION POR RETENCION INDEBIDA
CFP 1295/2019,DEPOSITARIO INFIEL,DEFRAUDACION POR RETENCION INDEBIDA
CFP 18986/2018,DEPOSITARIO INFIEL,DEFRAUDACION POR RETENCION INDEBIDA
CFP 18559/2018,APROPIACIÓN INDEBIDA DE RECURSOS DE LA SEGURIDAD SOCIAL,APROPIACION INDEBIDA DE RECURSOS DE LA SEG. SOCIAL
CFP 20333/2018,DEPOSITARIO INFIEL,DEFRAUDACION POR RETENCION INDEBIDA
CFP 5115/2021,FALSEDAD IDEOLÓGICA EN DOCUMENTOS,FALSEDAD IDEOLOGICA
CFP 5115/2021,DEFRAUDACION AGRAVADA POR FRAUDE EN PERJUICIO DE LA ADMINISTRACION PÚBLICA,DEFRAUDACION CONTRA LA ADMINISTRACION PUBLICA
CFP 14375/2009,DEFRAUDACION,DEFRAUDACION
CFP 14375/2009,"MALVERSACIÓN DE CAUDALES PÚBLICOS POR ADMINISTRADORES, CUSTODIOS O DEPOSITARIOS DE BIENES DE ESTABLECIMIENTOS DE INSTRUCCIÓN PÚBLICA O EMBARGADOS, SECUESTRADOS O DEPOSITADOS POR AUTORIDAD COMPETENTE",MALVERSACION DE CAUDALES PUBLICOS (ART.263)
CFP 8783/2016,ABUSO DE AUTORIDAD Y VIOLACIÓN A LOS DEBERES DE FUNCIONARIOS PÚBLICOS ,ABUSO DE AUTORIDAD Y VIOL. DEB.FUNC.PUBL.(ART.248)
CFP 3722/2021,VIOLACION DE MEDIDAS-PROPAGACION EPIDEMIA,VIOLACION DE MEDIDAS-PROPAGACION EPIDEMIA(ART.205)
CFP 3722/2021,RESISTENCIA O DESOBEDIENCIA A UN FUNCIONARIO PÚBLICO,RESISTENCIA O DESOBEDIENCIA A FUNCIONARIO PUBLICO
CFP 3646/2021,RESISTENCIA O DESOBEDIENCIA A UN FUNCIONARIO PÚBLICO,RESISTENCIA O DESOBEDIENCIA A FUNCIONARIO PUBLICO
CFP 3646/2021,VIOLACION DE MEDIDAS-PROPAGACION EPIDEMIA,VIOLACION DE MEDIDAS-PROPAGACION EPIDEMIA(ART.205)
CFP 4143/2021,LAVADO DE ACTIVOS,INFRACCION ART. 303
CFP 1390/2016,AVERIGUACIÓN DE DELITO,AVERIGUACION DE DELITO
CCC 34638/2012,ESTAFA,ESTAFA
CCC 34638/2012,DEFRAUDACION AGRAVADA POR FRAUDE EN PERJUICIO DE LA ADMINISTRACION PÚBLICA,DEFRAUDACION CONTRA LA ADMINISTRACION PUBLICA
CFP 4226/2021,AVERIGUACIÓN DE DELITO,AVERIGUACION DE DELITO
CCC 56103/2014,DEFRAUDACION,DEFRAUDACION
CCC 56103/2014,ESTAFA,ESTAFA
CCC 56103/2014,FALSIFICACIÓN O ADULTERACIÓN DE INSTRUMENTOS PÚBLICOS,FALSIFICACION DOCUMENTOS PUBLICOS
CFP 2990/2016,LAVADO DE ACTIVOS,INFRACCION ART. 303
CFP 7139/2009,PRIVACIÓN ABUSIVA DE LIBERTAD,PRIVACION ILEGAL DE LIBERTAD (ART.144 BIS INC.1)
CFP 7139/2009,OTROS,DELITO DE ACCION PUBLICA
CFP 9949/2020,LAVADO DE ACTIVOS,INFRACCION ART. 303
CFP 3689/2021,RESISTENCIA O DESOBEDIENCIA A UN FUNCIONARIO PÚBLICO,RESISTENCIA O DESOBEDIENCIA A FUNCIONARIO PUBLICO
CFP 3689/2021,VIOLACION DE MEDIDAS-PROPAGACION EPIDEMIA,VIOLACION DE MEDIDAS-PROPAGACION EPIDEMIA(ART.205)
CPE 551/2017,OTROS,INFRACCION LEY 24.769
CFP 2848/2013,MALVERSACIÓN DE CAUDALES PÚBLICOS,MALVERSACION DE CAUDALES PUBLICOS (ART.260)
CFP 6025/2016,FALSO TESTIMONIO,FALSO TESTIMONIO
CFP 16427/2016,MALVERSACIÓN DE CAUDALES PÚBLICOS,MALVERSACION DE CAUDALES PUBLICOS (ART.260)
CFP 9828/2017,AVERIGUACIÓN DE DELITO,AVERIGUACION DE DELITO
CCC 76359/1996,UTILIZACION DE INFORMACIÓN Y DATOS RESERVADOS,ENRIQUECIMIENTO ILICITO (ART.268 INC.1)
CFP 14071/2017,PECULADO,MALVERSACION DE CAUDALES PUBLICOS (ART.261)
CFP 3927/2011,OMISIÓN O RETARDO DE ACTO DE ALGÚN OFICIO,INCUMPLIM. DE AUTOR.Y VIOL.DEB.FUNC.PUBL.(ART.249)
CFP 3530/2021,VIOLACION DE MEDIDAS-PROPAGACION EPIDEMIA,VIOLACION DE MEDIDAS-PROPAGACION EPIDEMIA(ART.205)
CFP 3530/2021,RESISTENCIA O DESOBEDIENCIA A UN FUNCIONARIO PÚBLICO,RESISTENCIA O DESOBEDIENCIA A FUNCIONARIO PUBLICO
CFP 5041/2018,AVERIGUACIÓN DE DELITO,AVERIGUACION DE DELITO
CFP 4075/2012,OTROS,DELITO DE ACCION PUBLICA
CFP 5543/2015,ABUSO DE AUTORIDAD Y VIOLACIÓN A LOS DEBERES DE FUNCIONARIOS PÚBLICOS ,ABUSO DE AUTORIDAD Y VIOL. DEB.FUNC.PUBL.(ART.248)
CFP 5543/2015,NEGOCIACIONES INCOMPATIBLES CON EL EJERCICIO DE FUNCIONES PÚBLICAS,NEGOCIACIONES INCOMPATIBLES (ART.265)
CFP 18305/2016,DEFRAUDACION AGRAVADA POR FRAUDE EN PERJUICIO DE LA ADMINISTRACION PÚBLICA,DEFRAUDACION CONTRA LA ADMINISTRACION PUBLICA
CFP 18305/2016,ADMINISTRACION FRAUDULENTA,DEFRAUDACION POR ADMINISTRACION FRAUDULENTA
CFP 18305/2016,USO DE DOCUMENTO FALSIFICADO O ADULTERADO,USO DE DOCUMENTO ADULTERADO O FALSO (ART.296)
CFP 18305/2016,FALSIFICACIÓN O ADULTERACIÓN DE INSTRUMENTOS PÚBLICOS,FALSIFICACION DOCUMENTOS PUBLICOS
CFP 8810/2016,UTILIZACION DE INFORMACIÓN Y DATOS RESERVADOS,ENRIQUECIMIENTO ILICITO (ART.268 INC.1)
CFP 743/2015,AVERIGUACIÓN DE DELITO,AVERIGUACION DE DELITO
CFP 743/2015,AMENAZAS AGRAVADAS,AMENAZAS CON ARMAS O ANONIMAS (ART. 149 BIS)
CFP 2446/2018,USURPACIÓN DE AUTORIDAD,USURPACION DE AUTORIDAD (ART.246 INC.1)
CFP 2446/2018,"ABANDONO DEL SERVICIO PÚBLICO
",ABANDONO DEL CARGO
CFP 9722/2016,UTILIZACION DE INFORMACIÓN Y DATOS RESERVADOS,ENRIQUECIMIENTO ILICITO (ART.268 INC.1)
CFP 579/2020,FALSA DENUNCIA,FALSA DENUNCIA
CFP 579/2020,ABUSO DE AUTORIDAD Y VIOLACIÓN A LOS DEBERES DE FUNCIONARIOS PÚBLICOS ,ABUSO DE AUTORIDAD Y VIOL. DEB.FUNC.PUBL.(ART.248)
CFP 579/2020,SUPRESION DE DOCUMENTOS,DEFRAUDACION POR OCULTACION DE EXPEDIENTE
CFP 579/2020,DEFRAUDACIÓN AGRAVADA POR FRAUDE EN EL DESENVOLVIMIENTO DE UN ESTABLECIMIENTO O EXPLOTACIÓN COMERCIAL,INFRACCION ART.174 INCISO 6
CFP 579/2020,DEFRAUDACION AGRAVADA POR FRAUDE EN PERJUICIO DE LA ADMINISTRACION PÚBLICA,DEFRAUDACION CONTRA LA ADMINISTRACION PUBLICA
CFP 1219/2009,DEFRAUDACION AGRAVADA POR FRAUDE EN PERJUICIO DE LA ADMINISTRACION PÚBLICA,DEFRAUDACION CONTRA LA ADMINISTRACION PUBLICA
CFP 917/2012,OTROS,DELITO DE ACCION PUBLICA
CFP 12360/2015,ABUSO DE AUTORIDAD Y VIOLACIÓN A LOS DEBERES DE FUNCIONARIOS PÚBLICOS ,ABUSO DE AUTORIDAD Y VIOL. DEB.FUNC.PUBL.(ART.248)
CFP 12360/2015,USURPACIÓN DE AUTORIDAD,USURPACION DE AUTORIDAD (ART.246 INC.1)
CFP 14623/2018,OTROS,INFRACCION LEY 24.769
CFP 7181/2014,ABUSO DE AUTORIDAD Y VIOLACIÓN A LOS DEBERES DE FUNCIONARIOS PÚBLICOS ,ABUSO DE AUTORIDAD Y VIOL. DEB.FUNC.PUBL.(ART.248)
CFP 13233/2001,DEFRAUDACION AGRAVADA POR FRAUDE EN PERJUICIO DE LA ADMINISTRACION PÚBLICA,DEFRAUDACION CONTRA LA ADMINISTRACION PUBLICA
CFP 1209/2016,UTILIZACION DE INFORMACIÓN Y DATOS RESERVADOS,ENRIQUECIMIENTO ILICITO (ART.268 INC.1)
CFP 1209/2016,COHECHO,COHECHO
CFP 1209/2016,LAVADO DE ACTIVOS,INFRACCION ART. 303
CFP 13547/2016,FALSIFICACIÓN O ADULTERACIÓN DE INSTRUMENTOS PÚBLICOS,FALSIFICACION DOCUMENTOS PUBLICOS
CFP 5105/2017,DEFRAUDACION AGRAVADA POR FRAUDE EN PERJUICIO DE LA ADMINISTRACION PÚBLICA,DEFRAUDACION CONTRA LA ADMINISTRACION PUBLICA
CFP 5105/2017,NEGOCIACIONES INCOMPATIBLES CON EL EJERCICIO DE FUNCIONES PÚBLICAS,NEGOCIACIONES INCOMPATIBLES (ART.265)
CFP 543/2020,,DAÑO AGRAVADO (ART.184 INC.5)
CFP 543/2020,ABUSO DE AUTORIDAD Y VIOLACIÓN A LOS DEBERES DE FUNCIONARIOS PÚBLICOS ,ABUSO DE AUTORIDAD Y VIOL. DEB.FUNC.PUBL.(ART.248)
CFP 16595/2016,DEFRAUDACION AGRAVADA POR FRAUDE EN PERJUICIO DE LA ADMINISTRACION PÚBLICA,DEFRAUDACION CONTRA LA ADMINISTRACION PUBLICA
FSM 47004993/2013,DEFRAUDACION AGRAVADA POR FRAUDE EN PERJUICIO DE LA ADMINISTRACION PÚBLICA,DEFRAUDACION CONTRA LA ADMINISTRACION PUBLICA
FSM 47004993/2013,USO DE DOCUMENTO FALSIFICADO O ADULTERADO,USO DE DOCUMENTO ADULTERADO O FALSO (ART.296)
CFP 8325/2013,ABUSO DE AUTORIDAD Y VIOLACIÓN A LOS DEBERES DE FUNCIONARIOS PÚBLICOS ,ABUSO DE AUTORIDAD Y VIOL. DEB.FUNC.PUBL.(ART.248)
CFP 8325/2013,DEFRAUDACION AGRAVADA POR FRAUDE EN PERJUICIO DE LA ADMINISTRACION PÚBLICA,DEFRAUDACION CONTRA LA ADMINISTRACION PUBLICA
CFP 4059/2012,ESTAFA,ESTAFA
CFP 11904/2014,NEGOCIACIONES INCOMPATIBLES CON EL EJERCICIO DE FUNCIONES PÚBLICAS,NEGOCIACIONES INCOMPATIBLES (ART.265)
CFP 11904/2014,UTILIZACION DE INFORMACIÓN Y DATOS RESERVADOS,ENRIQUECIMIENTO ILICITO (ART.268 INC.1)
CFP 6225/2015,NO PRESENTAR DECLARACIÓN JURADA O FALSEAR U OMITIR DATOS,ENRIQUECIMIENTO ILICITO (ART 268 (3))
CFP 6225/2015,LAVADO DE ACTIVOS,INFRACCION ART. 303
CFP 6225/2015,ENCUBRIMIENTO,ENCUBRIMIENTO (ART.277)
CFP 5396/2020,AVERIGUACIÓN DE DELITO,AVERIGUACION DE DELITO
CPE 723/2016,OTROS,INFRACCION LEY 24.769
CFP 8314/2020,REVELACIÓN DE SECRETOS POLÍTICOS Y MILITARES,REVELACION CULPOSA SECRETOS POLITICOS Y MILITARES
CFP 8314/2020,REVELACIÓN DE SECRETOS POLÍTICOS Y MILITARES,REVELACION SECRETOS POLITICOS Y MILITARES(ART.222)
CFP 11847/2016,EVASIÓN SIMPLE,EVASION SIMPLE TRIBUTARIA
CFP 11847/2016,UTILIZACION DE INFORMACIÓN Y DATOS RESERVADOS,ENRIQUECIMIENTO ILICITO (ART.268 INC.1)
CFP 8892/2014,NEGOCIACIONES INCOMPATIBLES CON EL EJERCICIO DE FUNCIONES PÚBLICAS,NEGOCIACIONES INCOMPATIBLES (ART.265)
CFP 8892/2014,UTILIZACION DE INFORMACIÓN Y DATOS RESERVADOS,ENRIQUECIMIENTO ILICITO (ART.268 INC.1)
CFP 7832/2014,ABUSO DE AUTORIDAD Y VIOLACIÓN A LOS DEBERES DE FUNCIONARIOS PÚBLICOS ,ABUSO DE AUTORIDAD Y VIOL. DEB.FUNC.PUBL.(ART.248)
CFP 7832/2014,EXACCIONES ILEGALES,EXACCIONES ILEGALES
CFP 7832/2014,DEFRAUDACION AGRAVADA POR FRAUDE EN PERJUICIO DE LA ADMINISTRACION PÚBLICA,DEFRAUDACION CONTRA LA ADMINISTRACION PUBLICA
CFP 7832/2014,MALVERSACIÓN DE CAUDALES PÚBLICOS,MALVERSACION DE CAUDALES PUBLICOS (ART.260)
CFP 7832/2014,TRÁFICO DE INFLUENCIA,INFRACCION ART 256 BIS - 1º PARRAFO
CFP 7832/2014,COHECHO,COHECHO
CFP 6689/2016,AVERIGUACIÓN DE DELITO,AVERIGUACION DE DELITO
CFP 1576/2016,ENRIQUECIMIENTO ILÍCITO DE FUNCIONARIO PÚBLICO,ENRIQUECIMIENTO ILICITO (ART.268 INC.2)
CFP 3563/2018,AVERIGUACIÓN DE DELITO,AVERIGUACION DE DELITO
CFP 11240/2018,REVELACIÓN DE SECRETOS POLÍTICOS Y MILITARES,REVELACION SECRETOS POLITICOS Y MILITARES(ART.222)
CFP 3169/2015,INTERRUPCIÓN O ENTORPECIMIENTO DE COMUNICACIONES TELEGRÁFICAS O TELEFÓNICAS,INTERRUPCION DE LAS COMUNICACIONES (ART.197)
CFP 3732/2016,NO PRESENTAR DECLARACIÓN JURADA O FALSEAR U OMITIR DATOS,ENRIQUECIMIENTO ILICITO (ART 268 (3))
CFP 3732/2016,FALSIFICACIÓN O ADULTERACIÓN DE INSTRUMENTOS PÚBLICOS,FALSIFICACION DOCUMENTOS PUBLICOS
CFP 7544/2010,COHECHO,COHECHO
CFP 95/2015,ADMINISTRACION FRAUDULENTA,DEFRAUDACION POR ADMINISTRACION FRAUDULENTA
CFP 95/2015,DEFRAUDACION AGRAVADA POR FRAUDE EN PERJUICIO DE LA ADMINISTRACION PÚBLICA,DEFRAUDACION CONTRA LA ADMINISTRACION PUBLICA
CFP 3417/2015,FALSIFICACIÓN O ADULTERACIÓN DE INSTRUMENTOS PÚBLICOS,FALSIFICACION DOCUMENTOS PUBLICOS
CFP 4404/2015,"AMENAZAS COACTIVAS AGRAVADAS POR COMPELER A HACER ABANDONO DEL PAÍS, UNA PROVINCIA, RESIDENCIA O TRABAJO",COACCION AGRAVADA (ART.149 TER.INC.2 B)
CFP 4404/2015,ASOCIACION ILÍCITA,ASOCIACION ILICITA
CFP 4404/2015,DEFRAUDACION,DEFRAUDACION
CFP 4404/2015,SUSCRIPCIÓN ENGAÑOSA DE DOCUMENTO,DEFRAUDACION POR DOCUMENTO
CFP 4404/2015,DEFRAUDACION POR CONTRATO SIMULADO Y FALSOS RECIBOS,DEFRAUDACION POR CONTRATO SIMULADO
CCC 7719/2013,DEFRAUDACION,DEFRAUDACION
CFP 5208/2014,OMISIÓN O RETARDO DE ACTO DE ALGÚN OFICIO,INCUMPLIM. DE AUTOR.Y VIOL.DEB.FUNC.PUBL.(ART.249)
CFP 5208/2014,FALSEDAD IDEOLÓGICA EN DOCUMENTOS,FALSEDAD IDEOLOGICA
CFP 5208/2014,ABUSO DE AUTORIDAD Y VIOLACIÓN A LOS DEBERES DE FUNCIONARIOS PÚBLICOS ,ABUSO DE AUTORIDAD Y VIOL. DEB.FUNC.PUBL.(ART.248)
CFP 1238/2014,ENRIQUECIMIENTO ILÍCITO DE FUNCIONARIO PÚBLICO,ENRIQUECIMIENTO ILICITO (ART.268 INC.2)
CPE 1480/2016,APROPIACIÓN INDEBIDA DE RECURSOS DE LA SEGURIDAD SOCIAL,APROPIACION INDEBIDA DE RECURSOS DE LA SEG. SOCIAL
CFP 1363/2014,ABUSO DE AUTORIDAD Y VIOLACIÓN A LOS DEBERES DE FUNCIONARIOS PÚBLICOS ,ABUSO DE AUTORIDAD Y VIOL. DEB.FUNC.PUBL.(ART.248)
CFP 1363/2014,FALTA DE REQUISITOS LEGALES PARA EL NOMBRAMIENTO O LA ACEPTACIÓN DE UN CARGO PÚBLICO,NOMBRAMIENTOS ILEGALES
CFP 1363/2014,ESTAFA,ESTAFA
CFP 1363/2014,DEFRAUDACION AGRAVADA POR FRAUDE EN PERJUICIO DE LA ADMINISTRACION PÚBLICA,DEFRAUDACION CONTRA LA ADMINISTRACION PUBLICA
CFP 1363/2014,OMISIÓN O RETARDO DE ACTO DE ALGÚN OFICIO,INCUMPLIM. DE AUTOR.Y VIOL.DEB.FUNC.PUBL.(ART.249)
CFP 1582/2016,ENRIQUECIMIENTO ILÍCITO DE FUNCIONARIO PÚBLICO,ENRIQUECIMIENTO ILICITO (ART.268 INC.2)
CFP 1584/2016,ENRIQUECIMIENTO ILÍCITO DE FUNCIONARIO PÚBLICO,ENRIQUECIMIENTO ILICITO (ART.268 INC.2)
CFP 15193/2009,DEFRAUDACION,DEFRAUDACION
CFP 1583/2016,ENRIQUECIMIENTO ILÍCITO DE FUNCIONARIO PÚBLICO,ENRIQUECIMIENTO ILICITO (ART.268 INC.2)
CCC 41899/2015,EXACCIONES ILEGALES,EXACCIONES ILEGALES
CFP 14633/2015,AVERIGUACIÓN DE DELITO,AVERIGUACION DE DELITO
CFP 837/2015,ABUSO DE AUTORIDAD Y VIOLACIÓN A LOS DEBERES DE FUNCIONARIOS PÚBLICOS ,ABUSO DE AUTORIDAD Y VIOL. DEB.FUNC.PUBL.(ART.248)
CFP 6842/2013,"ENVENAMIENTO, ADULTERACIÓN O CONTAMINACIÓN DEL SUELO, EL AGUA, LA ATMÓSFERA O EL AMBIENTE EN GENERAL",INFRACCION LEY 24.051
CFP 6842/2013,OMISIÓN O RETARDO DE ACTO DE ALGÚN OFICIO,INCUMPLIM. DE AUTOR.Y VIOL.DEB.FUNC.PUBL.(ART.249)
CFP 6842/2013,ABUSO DE AUTORIDAD Y VIOLACIÓN A LOS DEBERES DE FUNCIONARIOS PÚBLICOS ,ABUSO DE AUTORIDAD Y VIOL. DEB.FUNC.PUBL.(ART.248)
CFP 883/2022,AVERIGUACIÓN DE DELITO,AVERIGUACION DE DELITO
CFP 878/2022,AVERIGUACIÓN DE DELITO,AVERIGUACION DE DELITO
CFP 836/2022,ROBO SIMPLE,ROBO
CFP 471/2022,AVERIGUACIÓN DE DELITO,AVERIGUACION DE DELITO
CFP 459/2022,,DAÑO AGRAVADO (ART.184 INC.5)
CFP 459/2022,ROBO SIMPLE,ROBO
CFP 409/2022,AVERIGUACIÓN DE DELITO,AVERIGUACION DE DELITO
