{"_from":"nodos_magistrados\/ERCOLINI_JULIAN_DANIEL","_to":"nodos_causas\/CFP_3732_2016","tipo":"juez"}
{"_from":"nodos_magistrados\/ERCOLINI_JULIAN_DANIEL","_to":"nodos_causas\/CFP_10408_2010","tipo":"juez"}
{"_from":"nodos_magistrados\/RAFECAS_DANIEL_EDUARDO","_to":"nodos_causas\/CFP_3993_2007","tipo":"juez"}
{"_from":"nodos_magistrados\/RODRIGUEZ_LUIS_OSVALDO","_to":"nodos_causas\/CFP_6085_2014","tipo":"juez"}
{"_from":"nodos_magistrados\/CASANELLO_SEBASTIAN_NORBERTO","_to":"nodos_causas\/CFP_3017_2013","tipo":"juez"}
{"_from":"nodos_magistrados\/RODRIGUEZ_LUIS_OSVALDO","_to":"nodos_causas\/CFP_6582_2016","tipo":"juez"}
{"_from":"nodos_magistrados\/CASANELLO_SEBASTIAN_NORBERTO","_to":"nodos_causas\/CFP_1495_2016","tipo":"juez"}
{"_from":"nodos_magistrados\/CASANELLO_SEBASTIAN_NORBERTO","_to":"nodos_causas\/CFP_1614_2016","tipo":"juez"}
{"_from":"nodos_magistrados\/CASANELLO_SEBASTIAN_NORBERTO","_to":"nodos_causas\/CFP_17402_2017","tipo":"juez"}
{"_from":"nodos_magistrados\/SUBROGADO_ANT_CLAUDIO_BONADIO","_to":"nodos_causas\/CFP_10456_2014","tipo":"juez"}
{"_from":"nodos_magistrados\/RAMOS_SEBASTIAN_ROBERTO","_to":"nodos_causas\/CFP_7148_2020","tipo":"juez"}
{"_from":"nodos_magistrados\/ERCOLINI_JULIAN_DANIEL","_to":"nodos_causas\/CFP_4943_2016","tipo":"juez"}
{"_from":"nodos_magistrados\/CASANELLO_SEBASTIAN_NORBERTO","_to":"nodos_causas\/CFP_11243_2016","tipo":"juez"}
{"_from":"nodos_magistrados\/RAMOS_SEBASTIAN_ROBERTO","_to":"nodos_causas\/CFP_11060_2013","tipo":"juez"}
{"_from":"nodos_magistrados\/ERCOLINI_JULIAN_DANIEL","_to":"nodos_causas\/CFP_21029_2018","tipo":"juez"}
{"_from":"nodos_magistrados\/SUBROGADO_ANT_CLAUDIO_BONADIO","_to":"nodos_causas\/CFP_17459_2018","tipo":"juez"}
{"_from":"nodos_magistrados\/CAPUCHETTI_MARIA_EUGENIA","_to":"nodos_causas\/CFP_8991_2019","tipo":"juez"}
{"_from":"nodos_magistrados\/SUBROGADO_ANT_CLAUDIO_BONADIO","_to":"nodos_causas\/CFP_13816_2018","tipo":"juez"}
{"_from":"nodos_magistrados\/RAFECAS_DANIEL_EDUARDO","_to":"nodos_causas\/CFP_14216_2003","tipo":"juez"}
{"_from":"nodos_magistrados\/RAFECAS_DANIEL_EDUARDO","_to":"nodos_causas\/CFP_7273_2006","tipo":"juez"}
{"_from":"nodos_magistrados\/SUBROGADO_NO12","_to":"nodos_causas\/CFP_14217_2003","tipo":"juez"}
{"_from":"nodos_magistrados\/RAFECAS_DANIEL_EDUARDO","_to":"nodos_causas\/CFP_5530_2012","tipo":"juez"}
{"_from":"nodos_magistrados\/SUBROGADO_ANT_CLAUDIO_BONADIO","_to":"nodos_causas\/CFP_7302_2016","tipo":"juez"}
{"_from":"nodos_magistrados\/SUBROGADO_ANT_CLAUDIO_BONADIO","_to":"nodos_causas\/CFP_9608_2018","tipo":"juez"}
{"_from":"nodos_magistrados\/SUBROGADO_ANT_CLAUDIO_BONADIO","_to":"nodos_causas\/CFP_2752_2015","tipo":"juez"}
{"_from":"nodos_magistrados\/RAMOS_SEBASTIAN_ROBERTO","_to":"nodos_causas\/CFP_12594_2014","tipo":"juez"}
{"_from":"nodos_magistrados\/RAMOS_SEBASTIAN_ROBERTO","_to":"nodos_causas\/CFP_10431_2016","tipo":"juez"}
{"_from":"nodos_magistrados\/SERVINI_DE_CUBRIA_MARIA_R","_to":"nodos_causas\/CFP_3634_2021","tipo":"juez"}
{"_from":"nodos_magistrados\/SUBROGADO_NO6","_to":"nodos_causas\/CFP_9545_2016","tipo":"juez"}
{"_from":"nodos_magistrados\/RODRIGUEZ_LUIS_OSVALDO","_to":"nodos_causas\/CFP_9155_2016","tipo":"juez"}
{"_from":"nodos_magistrados\/CASANELLO_SEBASTIAN_NORBERTO","_to":"nodos_causas\/CFP_18579_2006","tipo":"juez"}
{"_from":"nodos_magistrados\/MARTINEZ_DE_GIORGI_MARCELO_PEDRO_HERNAN","_to":"nodos_causas\/CFP_9862_2012","tipo":"juez"}
{"_from":"nodos_magistrados\/CASANELLO_SEBASTIAN_NORBERTO","_to":"nodos_causas\/CFP_14728_2016","tipo":"juez"}
{"_from":"nodos_magistrados\/RODRIGUEZ_LUIS_OSVALDO","_to":"nodos_causas\/CFP_681_2022","tipo":"juez"}
{"_from":"nodos_magistrados\/SUBROGADO_NO6","_to":"nodos_causas\/CFP_1848_2016","tipo":"juez"}
{"_from":"nodos_magistrados\/SERVINI_DE_CUBRIA_MARIA_R","_to":"nodos_causas\/CFP_16165_2016","tipo":"juez"}
{"_from":"nodos_magistrados\/RAFECAS_DANIEL_EDUARDO","_to":"nodos_causas\/CFP_2637_2004","tipo":"juez"}
{"_from":"nodos_magistrados\/ERCOLINI_JULIAN_DANIEL","_to":"nodos_causas\/CFP_5406_2013","tipo":"juez"}
{"_from":"nodos_magistrados\/MARTINEZ_DE_GIORGI_MARCELO_PEDRO_HERNAN","_to":"nodos_causas\/CFP_14492_2016","tipo":"juez"}
{"_from":"nodos_magistrados\/RAMOS_SEBASTIAN_ROBERTO","_to":"nodos_causas\/CFP_9890_2016","tipo":"juez"}
{"_from":"nodos_magistrados\/ERCOLINI_JULIAN_DANIEL","_to":"nodos_causas\/CFP_5048_2016","tipo":"juez"}
{"_from":"nodos_magistrados\/RAMOS_SEBASTIAN_ROBERTO","_to":"nodos_causas\/CFP_13648_2009","tipo":"juez"}
{"_from":"nodos_magistrados\/RAMOS_SEBASTIAN_ROBERTO","_to":"nodos_causas\/CFP_8124_2014","tipo":"juez"}
{"_from":"nodos_magistrados\/MARTINEZ_DE_GIORGI_MARCELO_PEDRO_HERNAN","_to":"nodos_causas\/CFP_6522_2011","tipo":"juez"}
{"_from":"nodos_magistrados\/CAPUCHETTI_MARIA_EUGENIA","_to":"nodos_causas\/CPE_514_2019","tipo":"juez"}
{"_from":"nodos_magistrados\/ERCOLINI_JULIAN_DANIEL","_to":"nodos_causas\/CFP_3643_2019","tipo":"juez"}
{"_from":"nodos_magistrados\/SUBROGADO_ANT_CLAUDIO_BONADIO","_to":"nodos_causas\/CFP_2166_2002","tipo":"juez"}
{"_from":"nodos_magistrados\/SUBROGADO_ANT_CLAUDIO_BONADIO","_to":"nodos_causas\/CFP_5554_2016","tipo":"juez"}
{"_from":"nodos_magistrados\/RODRIGUEZ_LUIS_OSVALDO","_to":"nodos_causas\/CFP_840_2022","tipo":"juez"}
{"_from":"nodos_magistrados\/RODRIGUEZ_LUIS_OSVALDO","_to":"nodos_causas\/CFP_838_2022","tipo":"juez"}
{"_from":"nodos_magistrados\/SERVINI_DE_CUBRIA_MARIA_R","_to":"nodos_causas\/CFP_16156_2016","tipo":"juez"}
{"_from":"nodos_magistrados\/SUBROGADO_NO12","_to":"nodos_causas\/CFP_1376_2004","tipo":"juez"}
{"_from":"nodos_magistrados\/CASANELLO_SEBASTIAN_NORBERTO","_to":"nodos_causas\/CFP_1787_2007","tipo":"juez"}
{"_from":"nodos_magistrados\/MARTINEZ_DE_GIORGI_MARCELO_PEDRO_HERNAN","_to":"nodos_causas\/CFP_12222_2016","tipo":"juez"}
{"_from":"nodos_magistrados\/RODRIGUEZ_LUIS_OSVALDO","_to":"nodos_causas\/CFP_1725_2010","tipo":"juez"}
{"_from":"nodos_magistrados\/CASANELLO_SEBASTIAN_NORBERTO","_to":"nodos_causas\/CCC_8099_2015","tipo":"juez"}
{"_from":"nodos_magistrados\/RODRIGUEZ_LUIS_OSVALDO","_to":"nodos_causas\/CFP_11766_2009","tipo":"juez"}
{"_from":"nodos_magistrados\/RAFECAS_DANIEL_EDUARDO","_to":"nodos_causas\/CFP_7888_2015","tipo":"juez"}
{"_from":"nodos_magistrados\/CAPUCHETTI_MARIA_EUGENIA","_to":"nodos_causas\/CFP_11105_2012","tipo":"juez"}
{"_from":"nodos_magistrados\/SUBROGADO_NO6","_to":"nodos_causas\/CFP_972_2016","tipo":"juez"}
{"_from":"nodos_magistrados\/CAPUCHETTI_MARIA_EUGENIA","_to":"nodos_causas\/CFP_6254_2014","tipo":"juez"}
{"_from":"nodos_magistrados\/RAFECAS_DANIEL_EDUARDO","_to":"nodos_causas\/CFP_12544_2013","tipo":"juez"}
{"_from":"nodos_magistrados\/RAFECAS_DANIEL_EDUARDO","_to":"nodos_causas\/CFP_6429_2010","tipo":"juez"}
{"_from":"nodos_magistrados\/CASANELLO_SEBASTIAN_NORBERTO","_to":"nodos_causas\/CFP_20489_2018","tipo":"juez"}
{"_from":"nodos_magistrados\/LIJO_ARIEL_OSCAR","_to":"nodos_causas\/CFP_2645_1998","tipo":"juez"}
{"_from":"nodos_magistrados\/CAPUCHETTI_MARIA_EUGENIA","_to":"nodos_causas\/CFP_9326_2013","tipo":"juez"}
{"_from":"nodos_magistrados\/CASANELLO_SEBASTIAN_NORBERTO","_to":"nodos_causas\/CFP_513_2021","tipo":"juez"}
{"_from":"nodos_magistrados\/MARTINEZ_DE_GIORGI_MARCELO_PEDRO_HERNAN","_to":"nodos_causas\/CFP_9539_2014","tipo":"juez"}
{"_from":"nodos_magistrados\/LIJO_ARIEL_OSCAR","_to":"nodos_causas\/CFP_7893_2013","tipo":"juez"}
{"_from":"nodos_magistrados\/CASANELLO_SEBASTIAN_NORBERTO","_to":"nodos_causas\/CFP_2995_2020","tipo":"juez"}
{"_from":"nodos_magistrados\/SUBROGADO_NO12","_to":"nodos_causas\/CFP_5372_2016","tipo":"juez"}
{"_from":"nodos_magistrados\/SUBROGADO_NO6","_to":"nodos_causas\/CFP_2666_2021","tipo":"juez"}
{"_from":"nodos_magistrados\/ERCOLINI_JULIAN_DANIEL","_to":"nodos_causas\/CFP_11200_2010","tipo":"juez"}
{"_from":"nodos_magistrados\/ERCOLINI_JULIAN_DANIEL","_to":"nodos_causas\/CFP_7797_2017","tipo":"juez"}
{"_from":"nodos_magistrados\/CASANELLO_SEBASTIAN_NORBERTO","_to":"nodos_causas\/CFP_980_2022","tipo":"juez"}
{"_from":"nodos_magistrados\/MARTINEZ_DE_GIORGI_MARCELO_PEDRO_HERNAN","_to":"nodos_causas\/CFP_6204_2011","tipo":"juez"}
{"_from":"nodos_magistrados\/SUBROGADO_ANT_CLAUDIO_BONADIO","_to":"nodos_causas\/CFP_11384_2013","tipo":"juez"}
{"_from":"nodos_magistrados\/CASANELLO_SEBASTIAN_NORBERTO","_to":"nodos_causas\/CFP_9630_2016","tipo":"juez"}
{"_from":"nodos_magistrados\/CAPUCHETTI_MARIA_EUGENIA","_to":"nodos_causas\/CCC_22406_2016","tipo":"juez"}
{"_from":"nodos_magistrados\/SERVINI_DE_CUBRIA_MARIA_R","_to":"nodos_causas\/CFP_3519_2021","tipo":"juez"}
{"_from":"nodos_magistrados\/SERVINI_DE_CUBRIA_MARIA_R","_to":"nodos_causas\/CFP_3526_2021","tipo":"juez"}
{"_from":"nodos_magistrados\/CASANELLO_SEBASTIAN_NORBERTO","_to":"nodos_causas\/CFP_2337_2015","tipo":"juez"}
{"_from":"nodos_magistrados\/ERCOLINI_JULIAN_DANIEL","_to":"nodos_causas\/CFP_11352_2014","tipo":"juez"}
{"_from":"nodos_magistrados\/SUBROGADO_ANT_CLAUDIO_BONADIO","_to":"nodos_causas\/CFP_13279_2012","tipo":"juez"}
{"_from":"nodos_magistrados\/SUBROGADO_ANT_CLAUDIO_BONADIO","_to":"nodos_causas\/CFP_15026_2003","tipo":"juez"}
{"_from":"nodos_magistrados\/RODRIGUEZ_LUIS_OSVALDO","_to":"nodos_causas\/CFP_5251_2019","tipo":"juez"}
{"_from":"nodos_magistrados\/SERVINI_DE_CUBRIA_MARIA_R","_to":"nodos_causas\/CFP_5890_2016","tipo":"juez"}
{"_from":"nodos_magistrados\/RAFECAS_DANIEL_EDUARDO","_to":"nodos_causas\/CFP_1241_2012","tipo":"juez"}
{"_from":"nodos_magistrados\/RAFECAS_DANIEL_EDUARDO","_to":"nodos_causas\/CFP_9486_2016","tipo":"juez"}
{"_from":"nodos_magistrados\/SUBROGADO_NO6","_to":"nodos_causas\/CFP_12474_2017","tipo":"juez"}
{"_from":"nodos_magistrados\/SUBROGADO_ANT_CLAUDIO_BONADIO","_to":"nodos_causas\/CFP_18304_2006","tipo":"juez"}
{"_from":"nodos_magistrados\/SUBROGADO_NO12","_to":"nodos_causas\/CFP_12675_2017","tipo":"juez"}
{"_from":"nodos_magistrados\/LIJO_ARIEL_OSCAR","_to":"nodos_causas\/CFP_12777_2016","tipo":"juez"}
{"_from":"nodos_magistrados\/SUBROGADO_NO12","_to":"nodos_causas\/CCC_64900_2015","tipo":"juez"}
{"_from":"nodos_magistrados\/SERVINI_DE_CUBRIA_MARIA_R","_to":"nodos_causas\/CFP_3724_2021","tipo":"juez"}
{"_from":"nodos_magistrados\/SUBROGADO_NO12","_to":"nodos_causas\/CFP_5828_2017","tipo":"juez"}
{"_from":"nodos_magistrados\/CAPUCHETTI_MARIA_EUGENIA","_to":"nodos_causas\/CFP_16006_2004","tipo":"juez"}
{"_from":"nodos_magistrados\/SUBROGADO_NO12","_to":"nodos_causas\/CFP_14751_2017","tipo":"juez"}
{"_from":"nodos_magistrados\/SUBROGADO_ANT_CLAUDIO_BONADIO","_to":"nodos_causas\/CFP_14305_2015","tipo":"juez"}
{"_from":"nodos_magistrados\/RAMOS_SEBASTIAN_ROBERTO","_to":"nodos_causas\/CCC_39458_2013","tipo":"juez"}
{"_from":"nodos_magistrados\/SUBROGADO_NO6","_to":"nodos_causas\/CFP_11490_2016","tipo":"juez"}
{"_from":"nodos_magistrados\/RODRIGUEZ_LUIS_OSVALDO","_to":"nodos_causas\/CFP_14122_2016","tipo":"juez"}
{"_from":"nodos_magistrados\/CASANELLO_SEBASTIAN_NORBERTO","_to":"nodos_causas\/CFP_8224_2020","tipo":"juez"}
{"_from":"nodos_magistrados\/RAMOS_SEBASTIAN_ROBERTO","_to":"nodos_causas\/CFP_7938_2017","tipo":"juez"}
{"_from":"nodos_magistrados\/ERCOLINI_JULIAN_DANIEL","_to":"nodos_causas\/CFP_4931_1995","tipo":"juez"}
{"_from":"nodos_magistrados\/LIJO_ARIEL_OSCAR","_to":"nodos_causas\/CFP_7806_2014","tipo":"juez"}
{"_from":"nodos_magistrados\/SUBROGADO_NO12","_to":"nodos_causas\/CFP_3903_2017","tipo":"juez"}
{"_from":"nodos_magistrados\/CASANELLO_SEBASTIAN_NORBERTO","_to":"nodos_causas\/CFP_10039_2001","tipo":"juez"}
{"_from":"nodos_magistrados\/RAFECAS_DANIEL_EDUARDO","_to":"nodos_causas\/CFP_6734_2013","tipo":"juez"}
{"_from":"nodos_magistrados\/MARTINEZ_DE_GIORGI_MARCELO_PEDRO_HERNAN","_to":"nodos_causas\/CFP_2885_2016","tipo":"juez"}
{"_from":"nodos_magistrados\/RODRIGUEZ_LUIS_OSVALDO","_to":"nodos_causas\/CFP_12079_2013","tipo":"juez"}
{"_from":"nodos_magistrados\/SUBROGADO_NO6","_to":"nodos_causas\/CFP_5197_2007","tipo":"juez"}
{"_from":"nodos_magistrados\/ERCOLINI_JULIAN_DANIEL","_to":"nodos_causas\/CFP_1135_2021","tipo":"juez"}
{"_from":"nodos_magistrados\/CASANELLO_SEBASTIAN_NORBERTO","_to":"nodos_causas\/CFP_10732_2018","tipo":"juez"}
{"_from":"nodos_magistrados\/SUBROGADO_NO12","_to":"nodos_causas\/CFP_14156_2017","tipo":"juez"}
{"_from":"nodos_magistrados\/ERCOLINI_JULIAN_DANIEL","_to":"nodos_causas\/CFP_13706_2018","tipo":"juez"}
{"_from":"nodos_magistrados\/MARTINEZ_DE_GIORGI_MARCELO_PEDRO_HERNAN","_to":"nodos_causas\/CFP_11572_2014","tipo":"juez"}
{"_from":"nodos_magistrados\/SERVINI_DE_CUBRIA_MARIA_R","_to":"nodos_causas\/CFP_7550_2020","tipo":"juez"}
{"_from":"nodos_magistrados\/CAPUCHETTI_MARIA_EUGENIA","_to":"nodos_causas\/CFP_7356_2013","tipo":"juez"}
{"_from":"nodos_magistrados\/RODRIGUEZ_LUIS_OSVALDO","_to":"nodos_causas\/CFP_5218_2016","tipo":"juez"}
{"_from":"nodos_magistrados\/RAFECAS_DANIEL_EDUARDO","_to":"nodos_causas\/CFP_13453_2007","tipo":"juez"}
{"_from":"nodos_magistrados\/SUBROGADO_NO12","_to":"nodos_causas\/CFP_3298_2010","tipo":"juez"}
{"_from":"nodos_magistrados\/MARTINEZ_DE_GIORGI_MARCELO_PEDRO_HERNAN","_to":"nodos_causas\/CFP_670_2021","tipo":"juez"}
{"_from":"nodos_magistrados\/CASANELLO_SEBASTIAN_NORBERTO","_to":"nodos_causas\/CFP_7797_2010","tipo":"juez"}
{"_from":"nodos_magistrados\/SUBROGADO_NO12","_to":"nodos_causas\/CFP_4211_2016","tipo":"juez"}
{"_from":"nodos_magistrados\/CASANELLO_SEBASTIAN_NORBERTO","_to":"nodos_causas\/CFP_14119_2015","tipo":"juez"}
{"_from":"nodos_magistrados\/RAMOS_SEBASTIAN_ROBERTO","_to":"nodos_causas\/CFP_18368_2016","tipo":"juez"}
{"_from":"nodos_magistrados\/RODRIGUEZ_LUIS_OSVALDO","_to":"nodos_causas\/CFP_752_2022","tipo":"juez"}
{"_from":"nodos_magistrados\/RODRIGUEZ_LUIS_OSVALDO","_to":"nodos_causas\/CFP_5082_2019","tipo":"juez"}
{"_from":"nodos_magistrados\/RAMOS_SEBASTIAN_ROBERTO","_to":"nodos_causas\/CFP_550_2016","tipo":"juez"}
{"_from":"nodos_magistrados\/RAMOS_SEBASTIAN_ROBERTO","_to":"nodos_causas\/CFP_7366_2017","tipo":"juez"}
{"_from":"nodos_magistrados\/MARTINEZ_DE_GIORGI_MARCELO_PEDRO_HERNAN","_to":"nodos_causas\/CFP_1953_2014","tipo":"juez"}
{"_from":"nodos_magistrados\/CAPUCHETTI_MARIA_EUGENIA","_to":"nodos_causas\/CFP_8932_2009","tipo":"juez"}
{"_from":"nodos_magistrados\/RAFECAS_DANIEL_EDUARDO","_to":"nodos_causas\/CCC_30009_2016","tipo":"juez"}
{"_from":"nodos_magistrados\/CASANELLO_SEBASTIAN_NORBERTO","_to":"nodos_causas\/CFP_5209_2021","tipo":"juez"}
{"_from":"nodos_magistrados\/SUBROGADO_ANT_CLAUDIO_BONADIO","_to":"nodos_causas\/CFP_6606_2015","tipo":"juez"}
{"_from":"nodos_magistrados\/SERVINI_DE_CUBRIA_MARIA_R","_to":"nodos_causas\/CFP_3482_2021","tipo":"juez"}
{"_from":"nodos_magistrados\/SUBROGADO_NO6","_to":"nodos_causas\/CFP_12139_2016","tipo":"juez"}
{"_from":"nodos_magistrados\/MARTINEZ_DE_GIORGI_MARCELO_PEDRO_HERNAN","_to":"nodos_causas\/CFP_17491_2005","tipo":"juez"}
{"_from":"nodos_magistrados\/LIJO_ARIEL_OSCAR","_to":"nodos_causas\/CFP_18504_2017","tipo":"juez"}
{"_from":"nodos_magistrados\/CASANELLO_SEBASTIAN_NORBERTO","_to":"nodos_causas\/CFP_894_2022","tipo":"juez"}
{"_from":"nodos_magistrados\/CASANELLO_SEBASTIAN_NORBERTO","_to":"nodos_causas\/CFP_9797_2015","tipo":"juez"}
{"_from":"nodos_magistrados\/ERCOLINI_JULIAN_DANIEL","_to":"nodos_causas\/CFP_8284_2016","tipo":"juez"}
{"_from":"nodos_magistrados\/RAMOS_SEBASTIAN_ROBERTO","_to":"nodos_causas\/CFP_5713_2011","tipo":"juez"}
{"_from":"nodos_magistrados\/CASANELLO_SEBASTIAN_NORBERTO","_to":"nodos_causas\/CFP_1236_2017","tipo":"juez"}
{"_from":"nodos_magistrados\/RODRIGUEZ_LUIS_OSVALDO","_to":"nodos_causas\/CFP_5500_2021","tipo":"juez"}
{"_from":"nodos_magistrados\/CASANELLO_SEBASTIAN_NORBERTO","_to":"nodos_causas\/CFP_7483_2004","tipo":"juez"}
{"_from":"nodos_magistrados\/SUBROGADO_NO12","_to":"nodos_causas\/CFP_9810_2020","tipo":"juez"}
{"_from":"nodos_magistrados\/SUBROGADO_ANT_CLAUDIO_BONADIO","_to":"nodos_causas\/CFP_4960_2010","tipo":"juez"}
{"_from":"nodos_magistrados\/MARTINEZ_DE_GIORGI_MARCELO_PEDRO_HERNAN","_to":"nodos_causas\/CFP_2989_2020","tipo":"juez"}
{"_from":"nodos_magistrados\/CASANELLO_SEBASTIAN_NORBERTO","_to":"nodos_causas\/CFP_10049_2015","tipo":"juez"}
{"_from":"nodos_magistrados\/CAPUCHETTI_MARIA_EUGENIA","_to":"nodos_causas\/CFP_13335_2002","tipo":"juez"}
{"_from":"nodos_magistrados\/ERCOLINI_JULIAN_DANIEL","_to":"nodos_causas\/CCC_59219_2013","tipo":"juez"}
{"_from":"nodos_magistrados\/RODRIGUEZ_LUIS_OSVALDO","_to":"nodos_causas\/CFP_760_2022","tipo":"juez"}
{"_from":"nodos_magistrados\/CASANELLO_SEBASTIAN_NORBERTO","_to":"nodos_causas\/CFP_1493_2021","tipo":"juez"}
{"_from":"nodos_magistrados\/CAPUCHETTI_MARIA_EUGENIA","_to":"nodos_causas\/CFP_714_2021","tipo":"juez"}
{"_from":"nodos_magistrados\/RAMOS_SEBASTIAN_ROBERTO","_to":"nodos_causas\/CFP_5530_2016","tipo":"juez"}
{"_from":"nodos_magistrados\/SUBROGADO_NO6","_to":"nodos_causas\/CFP_1106_2016","tipo":"juez"}
{"_from":"nodos_magistrados\/CASANELLO_SEBASTIAN_NORBERTO","_to":"nodos_causas\/CFP_5212_2021","tipo":"juez"}
{"_from":"nodos_magistrados\/CAPUCHETTI_MARIA_EUGENIA","_to":"nodos_causas\/CFP_9775_2018","tipo":"juez"}
{"_from":"nodos_magistrados\/MARTINEZ_DE_GIORGI_MARCELO_PEDRO_HERNAN","_to":"nodos_causas\/CFP_11616_2003","tipo":"juez"}
{"_from":"nodos_magistrados\/CAPUCHETTI_MARIA_EUGENIA","_to":"nodos_causas\/CFP_11596_2011","tipo":"juez"}
{"_from":"nodos_magistrados\/SUBROGADO_NO6","_to":"nodos_causas\/CFP_1844_2001","tipo":"juez"}
{"_from":"nodos_magistrados\/RODRIGUEZ_LUIS_OSVALDO","_to":"nodos_causas\/CFP_4249_2014","tipo":"juez"}
{"_from":"nodos_magistrados\/MARTINEZ_DE_GIORGI_MARCELO_PEDRO_HERNAN","_to":"nodos_causas\/CFP_6325_2013","tipo":"juez"}
{"_from":"nodos_magistrados\/SUBROGADO_ANT_CLAUDIO_BONADIO","_to":"nodos_causas\/CFP_462_2020","tipo":"juez"}
{"_from":"nodos_magistrados\/SERVINI_DE_CUBRIA_MARIA_R","_to":"nodos_causas\/CFP_3505_2021","tipo":"juez"}
{"_from":"nodos_magistrados\/SERVINI_DE_CUBRIA_MARIA_R","_to":"nodos_causas\/CFP_2026_2021","tipo":"juez"}
{"_from":"nodos_magistrados\/MARTINEZ_DE_GIORGI_MARCELO_PEDRO_HERNAN","_to":"nodos_causas\/CFP_10566_2016","tipo":"juez"}
{"_from":"nodos_magistrados\/ERCOLINI_JULIAN_DANIEL","_to":"nodos_causas\/CFP_4488_2020","tipo":"juez"}
{"_from":"nodos_magistrados\/RODRIGUEZ_LUIS_OSVALDO","_to":"nodos_causas\/CFP_9281_2017","tipo":"juez"}
{"_from":"nodos_magistrados\/CASANELLO_SEBASTIAN_NORBERTO","_to":"nodos_causas\/CFP_5175_2021","tipo":"juez"}
{"_from":"nodos_magistrados\/CASANELLO_SEBASTIAN_NORBERTO","_to":"nodos_causas\/CFP_873_2022","tipo":"juez"}
{"_from":"nodos_magistrados\/CASANELLO_SEBASTIAN_NORBERTO","_to":"nodos_causas\/CFP_872_2022","tipo":"juez"}
{"_from":"nodos_magistrados\/SUBROGADO_ANT_CLAUDIO_BONADIO","_to":"nodos_causas\/CFP_22082_2001","tipo":"juez"}
{"_from":"nodos_magistrados\/SUBROGADO_ANT_CLAUDIO_BONADIO","_to":"nodos_causas\/CFP_17475_2007","tipo":"juez"}
{"_from":"nodos_magistrados\/RAFECAS_DANIEL_EDUARDO","_to":"nodos_causas\/CFP_2462_2020","tipo":"juez"}
{"_from":"nodos_magistrados\/SUBROGADO_NO12","_to":"nodos_causas\/CFP_4077_2020","tipo":"juez"}
{"_from":"nodos_magistrados\/SUBROGADO_NO6","_to":"nodos_causas\/CFP_9815_2017","tipo":"juez"}
{"_from":"nodos_magistrados\/CASANELLO_SEBASTIAN_NORBERTO","_to":"nodos_causas\/CFP_12405_2013","tipo":"juez"}
{"_from":"nodos_magistrados\/RODRIGUEZ_LUIS_OSVALDO","_to":"nodos_causas\/CFP_3379_2009","tipo":"juez"}
{"_from":"nodos_magistrados\/RAFECAS_DANIEL_EDUARDO","_to":"nodos_causas\/CFP_15427_2017","tipo":"juez"}
{"_from":"nodos_magistrados\/SERVINI_DE_CUBRIA_MARIA_R","_to":"nodos_causas\/CFP_3720_2021","tipo":"juez"}
{"_from":"nodos_magistrados\/RAMOS_SEBASTIAN_ROBERTO","_to":"nodos_causas\/CFP_17280_2016","tipo":"juez"}
{"_from":"nodos_magistrados\/ERCOLINI_JULIAN_DANIEL","_to":"nodos_causas\/CCC_3559_2015","tipo":"juez"}
{"_from":"nodos_magistrados\/SERVINI_DE_CUBRIA_MARIA_R","_to":"nodos_causas\/CFP_15661_2016","tipo":"juez"}
{"_from":"nodos_magistrados\/LIJO_ARIEL_OSCAR","_to":"nodos_causas\/CFP_1999_2012","tipo":"juez"}
{"_from":"nodos_magistrados\/ERCOLINI_JULIAN_DANIEL","_to":"nodos_causas\/CFP_1301_2010","tipo":"juez"}
{"_from":"nodos_magistrados\/RODRIGUEZ_LUIS_OSVALDO","_to":"nodos_causas\/CFP_12645_2009","tipo":"juez"}
{"_from":"nodos_magistrados\/SUBROGADO_ANT_CLAUDIO_BONADIO","_to":"nodos_causas\/CFP_15384_2017","tipo":"juez"}
{"_from":"nodos_magistrados\/SUBROGADO_NO12","_to":"nodos_causas\/CPE_242_2016","tipo":"juez"}
{"_from":"nodos_magistrados\/SUBROGADO_NO6","_to":"nodos_causas\/CFP_8852_2019","tipo":"juez"}
{"_from":"nodos_magistrados\/SUBROGADO_NO6","_to":"nodos_causas\/CFP_12063_2012","tipo":"juez"}
{"_from":"nodos_magistrados\/SUBROGADO_NO12","_to":"nodos_causas\/CFP_20637_2017","tipo":"juez"}
{"_from":"nodos_magistrados\/RODRIGUEZ_LUIS_OSVALDO","_to":"nodos_causas\/CFP_6911_2021","tipo":"juez"}
{"_from":"nodos_magistrados\/SUBROGADO_ANT_CLAUDIO_BONADIO","_to":"nodos_causas\/CFP_3153_2018","tipo":"juez"}
{"_from":"nodos_magistrados\/SUBROGADO_NO12","_to":"nodos_causas\/CFP_20043_2017","tipo":"juez"}
{"_from":"nodos_magistrados\/CASANELLO_SEBASTIAN_NORBERTO","_to":"nodos_causas\/CFP_11026_2018","tipo":"juez"}
{"_from":"nodos_magistrados\/MARTINEZ_DE_GIORGI_MARCELO_PEDRO_HERNAN","_to":"nodos_causas\/CFP_2687_2016","tipo":"juez"}
{"_from":"nodos_magistrados\/ERCOLINI_JULIAN_DANIEL","_to":"nodos_causas\/CFP_11910_2016","tipo":"juez"}
{"_from":"nodos_magistrados\/CAPUCHETTI_MARIA_EUGENIA","_to":"nodos_causas\/CFP_4513_2021","tipo":"juez"}
{"_from":"nodos_magistrados\/ERCOLINI_JULIAN_DANIEL","_to":"nodos_causas\/CPE_1045_2019","tipo":"juez"}
{"_from":"nodos_magistrados\/RAMOS_SEBASTIAN_ROBERTO","_to":"nodos_causas\/CFP_5542_2017","tipo":"juez"}
{"_from":"nodos_magistrados\/RAFECAS_DANIEL_EDUARDO","_to":"nodos_causas\/CFP_14824_2010","tipo":"juez"}
{"_from":"nodos_magistrados\/LIJO_ARIEL_OSCAR","_to":"nodos_causas\/CCC_38119_2013","tipo":"juez"}
{"_from":"nodos_magistrados\/SUBROGADO_NO6","_to":"nodos_causas\/CFP_11117_2016","tipo":"juez"}
{"_from":"nodos_magistrados\/CASANELLO_SEBASTIAN_NORBERTO","_to":"nodos_causas\/CCC_13682_2015","tipo":"juez"}
{"_from":"nodos_magistrados\/SUBROGADO_NO6","_to":"nodos_causas\/CFP_11937_2016","tipo":"juez"}
{"_from":"nodos_magistrados\/ERCOLINI_JULIAN_DANIEL","_to":"nodos_causas\/CFP_2272_2019","tipo":"juez"}
{"_from":"nodos_magistrados\/SERVINI_DE_CUBRIA_MARIA_R","_to":"nodos_causas\/CFP_7264_2021","tipo":"juez"}
{"_from":"nodos_magistrados\/SERVINI_DE_CUBRIA_MARIA_R","_to":"nodos_causas\/CFP_9184_2020","tipo":"juez"}
{"_from":"nodos_magistrados\/SUBROGADO_ANT_CLAUDIO_BONADIO","_to":"nodos_causas\/CFP_4498_2013","tipo":"juez"}
{"_from":"nodos_magistrados\/RAFECAS_DANIEL_EDUARDO","_to":"nodos_causas\/CFP_388_2016","tipo":"juez"}
{"_from":"nodos_magistrados\/SUBROGADO_ANT_CLAUDIO_BONADIO","_to":"nodos_causas\/CFP_12438_2008","tipo":"juez"}
{"_from":"nodos_magistrados\/ERCOLINI_JULIAN_DANIEL","_to":"nodos_causas\/CFP_6790_2016","tipo":"juez"}
{"_from":"nodos_magistrados\/ERCOLINI_JULIAN_DANIEL","_to":"nodos_causas\/CFP_4786_2017","tipo":"juez"}
{"_from":"nodos_magistrados\/RODRIGUEZ_LUIS_OSVALDO","_to":"nodos_causas\/CFP_11276_2016","tipo":"juez"}
{"_from":"nodos_magistrados\/SUBROGADO_NO6","_to":"nodos_causas\/CFP_10324_2016","tipo":"juez"}
{"_from":"nodos_magistrados\/RAMOS_SEBASTIAN_ROBERTO","_to":"nodos_causas\/CFP_12193_2016","tipo":"juez"}
{"_from":"nodos_magistrados\/RODRIGUEZ_LUIS_OSVALDO","_to":"nodos_causas\/CFP_5924_2021","tipo":"juez"}
{"_from":"nodos_magistrados\/SUBROGADO_ANT_CLAUDIO_BONADIO","_to":"nodos_causas\/CFP_4596_2013","tipo":"juez"}
{"_from":"nodos_magistrados\/RAFECAS_DANIEL_EDUARDO","_to":"nodos_causas\/CFP_14583_2015","tipo":"juez"}
{"_from":"nodos_magistrados\/ERCOLINI_JULIAN_DANIEL","_to":"nodos_causas\/FCT_1785_2016","tipo":"juez"}
{"_from":"nodos_magistrados\/RODRIGUEZ_LUIS_OSVALDO","_to":"nodos_causas\/CFP_633_2022","tipo":"juez"}
{"_from":"nodos_magistrados\/RAMOS_SEBASTIAN_ROBERTO","_to":"nodos_causas\/CFP_9147_1998","tipo":"juez"}
{"_from":"nodos_magistrados\/RODRIGUEZ_LUIS_OSVALDO","_to":"nodos_causas\/CFP_758_2022","tipo":"juez"}
{"_from":"nodos_magistrados\/RODRIGUEZ_LUIS_OSVALDO","_to":"nodos_causas\/CFP_5847_2020","tipo":"juez"}
{"_from":"nodos_magistrados\/SUBROGADO_NO12","_to":"nodos_causas\/CFP_15151_2016","tipo":"juez"}
{"_from":"nodos_magistrados\/LIJO_ARIEL_OSCAR","_to":"nodos_causas\/CFP_7129_2018","tipo":"juez"}
{"_from":"nodos_magistrados\/CAPUCHETTI_MARIA_EUGENIA","_to":"nodos_causas\/CFP_2357_2020","tipo":"juez"}
{"_from":"nodos_magistrados\/RAFECAS_DANIEL_EDUARDO","_to":"nodos_causas\/CFP_7099_2016","tipo":"juez"}
{"_from":"nodos_magistrados\/SUBROGADO_ANT_CLAUDIO_BONADIO","_to":"nodos_causas\/CFP_10158_2017","tipo":"juez"}
{"_from":"nodos_magistrados\/MARTINEZ_DE_GIORGI_MARCELO_PEDRO_HERNAN","_to":"nodos_causas\/CFP_544_2018","tipo":"juez"}
{"_from":"nodos_magistrados\/LIJO_ARIEL_OSCAR","_to":"nodos_causas\/CFP_7787_2010","tipo":"juez"}
{"_from":"nodos_magistrados\/ERCOLINI_JULIAN_DANIEL","_to":"nodos_causas\/CFP_2053_2015","tipo":"juez"}
{"_from":"nodos_magistrados\/CASANELLO_SEBASTIAN_NORBERTO","_to":"nodos_causas\/CFP_3262_2017","tipo":"juez"}
{"_from":"nodos_magistrados\/CASANELLO_SEBASTIAN_NORBERTO","_to":"nodos_causas\/CFP_13127_2017","tipo":"juez"}
{"_from":"nodos_magistrados\/ERCOLINI_JULIAN_DANIEL","_to":"nodos_causas\/CPE_213_2016","tipo":"juez"}
{"_from":"nodos_magistrados\/ERCOLINI_JULIAN_DANIEL","_to":"nodos_causas\/CPE_837_2016","tipo":"juez"}
{"_from":"nodos_magistrados\/ERCOLINI_JULIAN_DANIEL","_to":"nodos_causas\/CPE_836_2016","tipo":"juez"}
{"_from":"nodos_magistrados\/ERCOLINI_JULIAN_DANIEL","_to":"nodos_causas\/CPE_835_2016","tipo":"juez"}
{"_from":"nodos_magistrados\/ERCOLINI_JULIAN_DANIEL","_to":"nodos_causas\/CPE_833_2016","tipo":"juez"}
{"_from":"nodos_magistrados\/LIJO_ARIEL_OSCAR","_to":"nodos_causas\/CFP_370_2007","tipo":"juez"}
{"_from":"nodos_magistrados\/CASANELLO_SEBASTIAN_NORBERTO","_to":"nodos_causas\/CFP_9334_2016","tipo":"juez"}
{"_from":"nodos_magistrados\/RAMOS_SEBASTIAN_ROBERTO","_to":"nodos_causas\/CFP_3446_2012","tipo":"juez"}
{"_from":"nodos_magistrados\/ERCOLINI_JULIAN_DANIEL","_to":"nodos_causas\/CCC_20736_2019","tipo":"juez"}
{"_from":"nodos_magistrados\/CASANELLO_SEBASTIAN_NORBERTO","_to":"nodos_causas\/CFP_5196_2021","tipo":"juez"}
{"_from":"nodos_magistrados\/SUBROGADO_ANT_CLAUDIO_BONADIO","_to":"nodos_causas\/CFP_12053_2007","tipo":"juez"}
{"_from":"nodos_magistrados\/SUBROGADO_NO12","_to":"nodos_causas\/CFP_16424_2016","tipo":"juez"}
{"_from":"nodos_magistrados\/SUBROGADO_NO6","_to":"nodos_causas\/FCB_6773_2016","tipo":"juez"}
{"_from":"nodos_magistrados\/LIJO_ARIEL_OSCAR","_to":"nodos_causas\/CFP_10343_2016","tipo":"juez"}
{"_from":"nodos_magistrados\/RODRIGUEZ_LUIS_OSVALDO","_to":"nodos_causas\/CFP_14389_2016","tipo":"juez"}
{"_from":"nodos_magistrados\/CAPUCHETTI_MARIA_EUGENIA","_to":"nodos_causas\/CFP_5286_2021","tipo":"juez"}
{"_from":"nodos_magistrados\/SUBROGADO_NO6","_to":"nodos_causas\/CFP_12738_2016","tipo":"juez"}
{"_from":"nodos_magistrados\/ERCOLINI_JULIAN_DANIEL","_to":"nodos_causas\/CFP_2160_2009","tipo":"juez"}
{"_from":"nodos_magistrados\/ERCOLINI_JULIAN_DANIEL","_to":"nodos_causas\/CFP_12113_2013","tipo":"juez"}
{"_from":"nodos_magistrados\/RODRIGUEZ_LUIS_OSVALDO","_to":"nodos_causas\/CFP_15390_2016","tipo":"juez"}
{"_from":"nodos_magistrados\/CAPUCHETTI_MARIA_EUGENIA","_to":"nodos_causas\/CFP_14241_2010","tipo":"juez"}
{"_from":"nodos_magistrados\/MARTINEZ_DE_GIORGI_MARCELO_PEDRO_HERNAN","_to":"nodos_causas\/CCC_35089_2018","tipo":"juez"}
{"_from":"nodos_magistrados\/CAPUCHETTI_MARIA_EUGENIA","_to":"nodos_causas\/CCC_60847_2014","tipo":"juez"}
{"_from":"nodos_magistrados\/CASANELLO_SEBASTIAN_NORBERTO","_to":"nodos_causas\/CFP_1593_2019","tipo":"juez"}
{"_from":"nodos_magistrados\/CASANELLO_SEBASTIAN_NORBERTO","_to":"nodos_causas\/CFP_14133_2017","tipo":"juez"}
{"_from":"nodos_magistrados\/SUBROGADO_NO12","_to":"nodos_causas\/CFP_11913_2012","tipo":"juez"}
{"_from":"nodos_magistrados\/MARTINEZ_DE_GIORGI_MARCELO_PEDRO_HERNAN","_to":"nodos_causas\/CFP_10348_2017","tipo":"juez"}
{"_from":"nodos_magistrados\/MARTINEZ_DE_GIORGI_MARCELO_PEDRO_HERNAN","_to":"nodos_causas\/CFP_5120_2019","tipo":"juez"}
{"_from":"nodos_magistrados\/CAPUCHETTI_MARIA_EUGENIA","_to":"nodos_causas\/CFP_11297_2012","tipo":"juez"}
{"_from":"nodos_magistrados\/CAPUCHETTI_MARIA_EUGENIA","_to":"nodos_causas\/CFP_9629_2018","tipo":"juez"}
{"_from":"nodos_magistrados\/CASANELLO_SEBASTIAN_NORBERTO","_to":"nodos_causas\/CFP_5046_2021","tipo":"juez"}
{"_from":"nodos_magistrados\/SERVINI_DE_CUBRIA_MARIA_R","_to":"nodos_causas\/CFP_14642_2000","tipo":"juez"}
{"_from":"nodos_magistrados\/SERVINI_DE_CUBRIA_MARIA_R","_to":"nodos_causas\/CFP_8720_2002","tipo":"juez"}
{"_from":"nodos_magistrados\/MARTINEZ_DE_GIORGI_MARCELO_PEDRO_HERNAN","_to":"nodos_causas\/CFP_4773_2013","tipo":"juez"}
{"_from":"nodos_magistrados\/CASANELLO_SEBASTIAN_NORBERTO","_to":"nodos_causas\/CFP_10317_2018","tipo":"juez"}
{"_from":"nodos_magistrados\/MARTINEZ_DE_GIORGI_MARCELO_PEDRO_HERNAN","_to":"nodos_causas\/CFP_14234_2016","tipo":"juez"}
{"_from":"nodos_magistrados\/CAPUCHETTI_MARIA_EUGENIA","_to":"nodos_causas\/CFP_8500_2020","tipo":"juez"}
{"_from":"nodos_magistrados\/SUBROGADO_NO6","_to":"nodos_causas\/CFP_14139_2016","tipo":"juez"}
{"_from":"nodos_magistrados\/MARTINEZ_DE_GIORGI_MARCELO_PEDRO_HERNAN","_to":"nodos_causas\/CFP_9074_2012","tipo":"juez"}
{"_from":"nodos_magistrados\/MARTINEZ_DE_GIORGI_MARCELO_PEDRO_HERNAN","_to":"nodos_causas\/CFP_1122_2015","tipo":"juez"}
{"_from":"nodos_magistrados\/CAPUCHETTI_MARIA_EUGENIA","_to":"nodos_causas\/CFP_20139_2017","tipo":"juez"}
{"_from":"nodos_magistrados\/CASANELLO_SEBASTIAN_NORBERTO","_to":"nodos_causas\/CFP_2752_2016","tipo":"juez"}
{"_from":"nodos_magistrados\/SERVINI_DE_CUBRIA_MARIA_R","_to":"nodos_causas\/CFP_1791_2014","tipo":"juez"}
{"_from":"nodos_magistrados\/CAPUCHETTI_MARIA_EUGENIA","_to":"nodos_causas\/CFP_2585_2016","tipo":"juez"}
{"_from":"nodos_magistrados\/SUBROGADO_NO6","_to":"nodos_causas\/CFP_2643_2012","tipo":"juez"}
{"_from":"nodos_magistrados\/RODRIGUEZ_LUIS_OSVALDO","_to":"nodos_causas\/CFP_4263_2014","tipo":"juez"}
{"_from":"nodos_magistrados\/RODRIGUEZ_LUIS_OSVALDO","_to":"nodos_causas\/CFP_1107_2021","tipo":"juez"}
{"_from":"nodos_magistrados\/CASANELLO_SEBASTIAN_NORBERTO","_to":"nodos_causas\/CFP_420_2022","tipo":"juez"}
{"_from":"nodos_magistrados\/SERVINI_DE_CUBRIA_MARIA_R","_to":"nodos_causas\/CFP_3531_2021","tipo":"juez"}
{"_from":"nodos_magistrados\/CASANELLO_SEBASTIAN_NORBERTO","_to":"nodos_causas\/CFP_18704_2018","tipo":"juez"}
{"_from":"nodos_magistrados\/SUBROGADO_NO12","_to":"nodos_causas\/CFP_2648_2005","tipo":"juez"}
{"_from":"nodos_magistrados\/MARTINEZ_DE_GIORGI_MARCELO_PEDRO_HERNAN","_to":"nodos_causas\/CFP_12449_2016","tipo":"juez"}
{"_from":"nodos_magistrados\/SERVINI_DE_CUBRIA_MARIA_R","_to":"nodos_causas\/CFP_4745_2021","tipo":"juez"}
{"_from":"nodos_magistrados\/CASANELLO_SEBASTIAN_NORBERTO","_to":"nodos_causas\/CFP_275_2022","tipo":"juez"}
{"_from":"nodos_magistrados\/RODRIGUEZ_LUIS_OSVALDO","_to":"nodos_causas\/CFP_1099_2020","tipo":"juez"}
{"_from":"nodos_magistrados\/ERCOLINI_JULIAN_DANIEL","_to":"nodos_causas\/CFP_14694_2017","tipo":"juez"}
{"_from":"nodos_magistrados\/CASANELLO_SEBASTIAN_NORBERTO","_to":"nodos_causas\/CFP_284_2022","tipo":"juez"}
{"_from":"nodos_magistrados\/MARTINEZ_DE_GIORGI_MARCELO_PEDRO_HERNAN","_to":"nodos_causas\/CFP_4973_2010","tipo":"juez"}
{"_from":"nodos_magistrados\/SERVINI_DE_CUBRIA_MARIA_R","_to":"nodos_causas\/CFP_2836_2021","tipo":"juez"}
{"_from":"nodos_magistrados\/CAPUCHETTI_MARIA_EUGENIA","_to":"nodos_causas\/CFP_11663_2000","tipo":"juez"}
{"_from":"nodos_magistrados\/SUBROGADO_ANT_CLAUDIO_BONADIO","_to":"nodos_causas\/CFP_6850_2020","tipo":"juez"}
{"_from":"nodos_magistrados\/MARTINEZ_DE_GIORGI_MARCELO_PEDRO_HERNAN","_to":"nodos_causas\/CFP_13216_2012","tipo":"juez"}
{"_from":"nodos_magistrados\/ERCOLINI_JULIAN_DANIEL","_to":"nodos_causas\/CFP_2745_2010","tipo":"juez"}
{"_from":"nodos_magistrados\/SUBROGADO_NO6","_to":"nodos_causas\/CFP_3477_2016","tipo":"juez"}
{"_from":"nodos_magistrados\/SUBROGADO_NO6","_to":"nodos_causas\/CFP_4591_2016","tipo":"juez"}
{"_from":"nodos_magistrados\/ERCOLINI_JULIAN_DANIEL","_to":"nodos_causas\/FRE_2110_2016","tipo":"juez"}
{"_from":"nodos_magistrados\/SERVINI_DE_CUBRIA_MARIA_R","_to":"nodos_causas\/CFP_7592_2021","tipo":"juez"}
{"_from":"nodos_magistrados\/ERCOLINI_JULIAN_DANIEL","_to":"nodos_causas\/CFP_13722_2016","tipo":"juez"}
{"_from":"nodos_magistrados\/SUBROGADO_NO12","_to":"nodos_causas\/CCC_58272_2016","tipo":"juez"}
{"_from":"nodos_magistrados\/ERCOLINI_JULIAN_DANIEL","_to":"nodos_causas\/CFP_7257_2020","tipo":"juez"}
{"_from":"nodos_magistrados\/RAMOS_SEBASTIAN_ROBERTO","_to":"nodos_causas\/CFP_12590_2014","tipo":"juez"}
{"_from":"nodos_magistrados\/SUBROGADO_NO6","_to":"nodos_causas\/CFP_22026_2018","tipo":"juez"}
{"_from":"nodos_magistrados\/SERVINI_DE_CUBRIA_MARIA_R","_to":"nodos_causas\/CFP_12000144_1980","tipo":"juez"}
{"_from":"nodos_magistrados\/ERCOLINI_JULIAN_DANIEL","_to":"nodos_causas\/CFP_6152_2019","tipo":"juez"}
{"_from":"nodos_magistrados\/SUBROGADO_NO12","_to":"nodos_causas\/CFP_8356_2016","tipo":"juez"}
{"_from":"nodos_magistrados\/SUBROGADO_NO12","_to":"nodos_causas\/CFP_20018_2017","tipo":"juez"}
{"_from":"nodos_magistrados\/SUBROGADO_NO12","_to":"nodos_causas\/CFP_8316_2011","tipo":"juez"}
{"_from":"nodos_magistrados\/ERCOLINI_JULIAN_DANIEL","_to":"nodos_causas\/CPE_1341_2018","tipo":"juez"}
{"_from":"nodos_magistrados\/ERCOLINI_JULIAN_DANIEL","_to":"nodos_causas\/CPE_1720_2018","tipo":"juez"}
{"_from":"nodos_magistrados\/CAPUCHETTI_MARIA_EUGENIA","_to":"nodos_causas\/CFP_21422_2018","tipo":"juez"}
{"_from":"nodos_magistrados\/MARTINEZ_DE_GIORGI_MARCELO_PEDRO_HERNAN","_to":"nodos_causas\/CFP_6187_2020","tipo":"juez"}
{"_from":"nodos_magistrados\/SERVINI_DE_CUBRIA_MARIA_R","_to":"nodos_causas\/CFP_15407_2010","tipo":"juez"}
{"_from":"nodos_magistrados\/CASANELLO_SEBASTIAN_NORBERTO","_to":"nodos_causas\/CFP_2876_2018","tipo":"juez"}
{"_from":"nodos_magistrados\/SUBROGADO_NO12","_to":"nodos_causas\/CFP_14188_2015","tipo":"juez"}
{"_from":"nodos_magistrados\/RODRIGUEZ_LUIS_OSVALDO","_to":"nodos_causas\/CFP_998_2021","tipo":"juez"}
{"_from":"nodos_magistrados\/MARTINEZ_DE_GIORGI_MARCELO_PEDRO_HERNAN","_to":"nodos_causas\/FCB_32023375_2012","tipo":"juez"}
{"_from":"nodos_magistrados\/MARTINEZ_DE_GIORGI_MARCELO_PEDRO_HERNAN","_to":"nodos_causas\/CFP_7171_2016","tipo":"juez"}
{"_from":"nodos_magistrados\/LIJO_ARIEL_OSCAR","_to":"nodos_causas\/CFP_11072_2007","tipo":"juez"}
{"_from":"nodos_magistrados\/SUBROGADO_ANT_CLAUDIO_BONADIO","_to":"nodos_causas\/CFP_2123_2018","tipo":"juez"}
{"_from":"nodos_magistrados\/LIJO_ARIEL_OSCAR","_to":"nodos_causas\/CFP_9731_2016","tipo":"juez"}
{"_from":"nodos_magistrados\/RAFECAS_DANIEL_EDUARDO","_to":"nodos_causas\/CFP_7978_2018","tipo":"juez"}
{"_from":"nodos_magistrados\/MARTINEZ_DE_GIORGI_MARCELO_PEDRO_HERNAN","_to":"nodos_causas\/CFP_14411_2018","tipo":"juez"}
{"_from":"nodos_magistrados\/MARTINEZ_DE_GIORGI_MARCELO_PEDRO_HERNAN","_to":"nodos_causas\/CFP_8162_2004","tipo":"juez"}
{"_from":"nodos_magistrados\/SUBROGADO_NO12","_to":"nodos_causas\/CFP_6297_2012","tipo":"juez"}
{"_from":"nodos_magistrados\/SERVINI_DE_CUBRIA_MARIA_R","_to":"nodos_causas\/CFP_20517_2017","tipo":"juez"}
{"_from":"nodos_magistrados\/SERVINI_DE_CUBRIA_MARIA_R","_to":"nodos_causas\/CFP_7283_2021","tipo":"juez"}
{"_from":"nodos_magistrados\/MARTINEZ_DE_GIORGI_MARCELO_PEDRO_HERNAN","_to":"nodos_causas\/CFP_11623_2014","tipo":"juez"}
{"_from":"nodos_magistrados\/ERCOLINI_JULIAN_DANIEL","_to":"nodos_causas\/CFP_7230_2021","tipo":"juez"}
{"_from":"nodos_magistrados\/SUBROGADO_NO12","_to":"nodos_causas\/CFP_13077_2017","tipo":"juez"}
{"_from":"nodos_magistrados\/SUBROGADO_NO12","_to":"nodos_causas\/CFP_18708_2016","tipo":"juez"}
{"_from":"nodos_magistrados\/SERVINI_DE_CUBRIA_MARIA_R","_to":"nodos_causas\/CFP_4729_2021","tipo":"juez"}
{"_from":"nodos_magistrados\/SUBROGADO_ANT_CLAUDIO_BONADIO","_to":"nodos_causas\/CFP_2206_2018","tipo":"juez"}
{"_from":"nodos_magistrados\/ERCOLINI_JULIAN_DANIEL","_to":"nodos_causas\/CFP_13233_2018","tipo":"juez"}
{"_from":"nodos_magistrados\/RAFECAS_DANIEL_EDUARDO","_to":"nodos_causas\/CFP_8507_2009","tipo":"juez"}
{"_from":"nodos_magistrados\/SUBROGADO_NO6","_to":"nodos_causas\/CFP_10732_2016","tipo":"juez"}
{"_from":"nodos_magistrados\/SERVINI_DE_CUBRIA_MARIA_R","_to":"nodos_causas\/CFP_4748_2021","tipo":"juez"}
{"_from":"nodos_magistrados\/LIJO_ARIEL_OSCAR","_to":"nodos_causas\/CFP_3518_2006","tipo":"juez"}
{"_from":"nodos_magistrados\/SUBROGADO_NO6","_to":"nodos_causas\/CFP_8390_2010","tipo":"juez"}
{"_from":"nodos_magistrados\/ERCOLINI_JULIAN_DANIEL","_to":"nodos_causas\/CFP_4626_2012","tipo":"juez"}
{"_from":"nodos_magistrados\/RAFECAS_DANIEL_EDUARDO","_to":"nodos_causas\/CFP_7084_2016","tipo":"juez"}
{"_from":"nodos_magistrados\/ERCOLINI_JULIAN_DANIEL","_to":"nodos_causas\/CPE_862_2016","tipo":"juez"}
{"_from":"nodos_magistrados\/ERCOLINI_JULIAN_DANIEL","_to":"nodos_causas\/CPE_834_2016","tipo":"juez"}
{"_from":"nodos_magistrados\/ERCOLINI_JULIAN_DANIEL","_to":"nodos_causas\/CPE_688_2018","tipo":"juez"}
{"_from":"nodos_magistrados\/ERCOLINI_JULIAN_DANIEL","_to":"nodos_causas\/CPE_351_2018","tipo":"juez"}
{"_from":"nodos_magistrados\/ERCOLINI_JULIAN_DANIEL","_to":"nodos_causas\/CPE_448_2019","tipo":"juez"}
{"_from":"nodos_magistrados\/ERCOLINI_JULIAN_DANIEL","_to":"nodos_causas\/CPE_1895_2018","tipo":"juez"}
{"_from":"nodos_magistrados\/ERCOLINI_JULIAN_DANIEL","_to":"nodos_causas\/CPE_352_2018","tipo":"juez"}
{"_from":"nodos_magistrados\/ERCOLINI_JULIAN_DANIEL","_to":"nodos_causas\/CFP_20986_2018","tipo":"juez"}
{"_from":"nodos_magistrados\/ERCOLINI_JULIAN_DANIEL","_to":"nodos_causas\/CFP_20990_2018","tipo":"juez"}
{"_from":"nodos_magistrados\/ERCOLINI_JULIAN_DANIEL","_to":"nodos_causas\/CPE_286_2019","tipo":"juez"}
{"_from":"nodos_magistrados\/ERCOLINI_JULIAN_DANIEL","_to":"nodos_causas\/CPE_2037_2017","tipo":"juez"}
{"_from":"nodos_magistrados\/ERCOLINI_JULIAN_DANIEL","_to":"nodos_causas\/CPE_350_2018","tipo":"juez"}
{"_from":"nodos_magistrados\/ERCOLINI_JULIAN_DANIEL","_to":"nodos_causas\/CFP_20332_2018","tipo":"juez"}
{"_from":"nodos_magistrados\/ERCOLINI_JULIAN_DANIEL","_to":"nodos_causas\/CFP_1295_2019","tipo":"juez"}
{"_from":"nodos_magistrados\/ERCOLINI_JULIAN_DANIEL","_to":"nodos_causas\/CFP_18986_2018","tipo":"juez"}
{"_from":"nodos_magistrados\/ERCOLINI_JULIAN_DANIEL","_to":"nodos_causas\/CFP_18559_2018","tipo":"juez"}
{"_from":"nodos_magistrados\/ERCOLINI_JULIAN_DANIEL","_to":"nodos_causas\/CFP_20333_2018","tipo":"juez"}
{"_from":"nodos_magistrados\/CASANELLO_SEBASTIAN_NORBERTO","_to":"nodos_causas\/CFP_5115_2021","tipo":"juez"}
{"_from":"nodos_magistrados\/LIJO_ARIEL_OSCAR","_to":"nodos_causas\/CFP_14375_2009","tipo":"juez"}
{"_from":"nodos_magistrados\/LIJO_ARIEL_OSCAR","_to":"nodos_causas\/CFP_8783_2016","tipo":"juez"}
{"_from":"nodos_magistrados\/SERVINI_DE_CUBRIA_MARIA_R","_to":"nodos_causas\/CFP_3722_2021","tipo":"juez"}
{"_from":"nodos_magistrados\/SERVINI_DE_CUBRIA_MARIA_R","_to":"nodos_causas\/CFP_3646_2021","tipo":"juez"}
{"_from":"nodos_magistrados\/SUBROGADO_NO6","_to":"nodos_causas\/CFP_4143_2021","tipo":"juez"}
{"_from":"nodos_magistrados\/RAFECAS_DANIEL_EDUARDO","_to":"nodos_causas\/CFP_1390_2016","tipo":"juez"}
{"_from":"nodos_magistrados\/CASANELLO_SEBASTIAN_NORBERTO","_to":"nodos_causas\/CCC_34638_2012","tipo":"juez"}
{"_from":"nodos_magistrados\/RAFECAS_DANIEL_EDUARDO","_to":"nodos_causas\/CFP_4226_2021","tipo":"juez"}
{"_from":"nodos_magistrados\/MARTINEZ_DE_GIORGI_MARCELO_PEDRO_HERNAN","_to":"nodos_causas\/CCC_56103_2014","tipo":"juez"}
{"_from":"nodos_magistrados\/SUBROGADO_NO6","_to":"nodos_causas\/CFP_2990_2016","tipo":"juez"}
{"_from":"nodos_magistrados\/SUBROGADO_NO12","_to":"nodos_causas\/CFP_7139_2009","tipo":"juez"}
{"_from":"nodos_magistrados\/RAFECAS_DANIEL_EDUARDO","_to":"nodos_causas\/CFP_9949_2020","tipo":"juez"}
{"_from":"nodos_magistrados\/SERVINI_DE_CUBRIA_MARIA_R","_to":"nodos_causas\/CFP_3689_2021","tipo":"juez"}
{"_from":"nodos_magistrados\/ERCOLINI_JULIAN_DANIEL","_to":"nodos_causas\/CPE_551_2017","tipo":"juez"}
{"_from":"nodos_magistrados\/MARTINEZ_DE_GIORGI_MARCELO_PEDRO_HERNAN","_to":"nodos_causas\/CFP_2848_2013","tipo":"juez"}
{"_from":"nodos_magistrados\/CASANELLO_SEBASTIAN_NORBERTO","_to":"nodos_causas\/CFP_6025_2016","tipo":"juez"}
{"_from":"nodos_magistrados\/SUBROGADO_NO12","_to":"nodos_causas\/CFP_16427_2016","tipo":"juez"}
{"_from":"nodos_magistrados\/LIJO_ARIEL_OSCAR","_to":"nodos_causas\/CFP_9828_2017","tipo":"juez"}
{"_from":"nodos_magistrados\/SUBROGADO_NO12","_to":"nodos_causas\/CCC_76359_1996","tipo":"juez"}
{"_from":"nodos_magistrados\/MARTINEZ_DE_GIORGI_MARCELO_PEDRO_HERNAN","_to":"nodos_causas\/CFP_14071_2017","tipo":"juez"}
{"_from":"nodos_magistrados\/SUBROGADO_ANT_CLAUDIO_BONADIO","_to":"nodos_causas\/CFP_3927_2011","tipo":"juez"}
{"_from":"nodos_magistrados\/SERVINI_DE_CUBRIA_MARIA_R","_to":"nodos_causas\/CFP_3530_2021","tipo":"juez"}
{"_from":"nodos_magistrados\/SUBROGADO_NO12","_to":"nodos_causas\/CFP_5041_2018","tipo":"juez"}
{"_from":"nodos_magistrados\/ERCOLINI_JULIAN_DANIEL","_to":"nodos_causas\/CFP_4075_2012","tipo":"juez"}
{"_from":"nodos_magistrados\/LIJO_ARIEL_OSCAR","_to":"nodos_causas\/CFP_5543_2015","tipo":"juez"}
{"_from":"nodos_magistrados\/SUBROGADO_NO12","_to":"nodos_causas\/CFP_18305_2016","tipo":"juez"}
{"_from":"nodos_magistrados\/RAFECAS_DANIEL_EDUARDO","_to":"nodos_causas\/CFP_8810_2016","tipo":"juez"}
{"_from":"nodos_magistrados\/SUBROGADO_NO12","_to":"nodos_causas\/CFP_743_2015","tipo":"juez"}
{"_from":"nodos_magistrados\/CAPUCHETTI_MARIA_EUGENIA","_to":"nodos_causas\/CFP_2446_2018","tipo":"juez"}
{"_from":"nodos_magistrados\/ERCOLINI_JULIAN_DANIEL","_to":"nodos_causas\/CFP_9722_2016","tipo":"juez"}
{"_from":"nodos_magistrados\/SUBROGADO_ANT_CLAUDIO_BONADIO","_to":"nodos_causas\/CFP_579_2020","tipo":"juez"}
{"_from":"nodos_magistrados\/ERCOLINI_JULIAN_DANIEL","_to":"nodos_causas\/CFP_1219_2009","tipo":"juez"}
{"_from":"nodos_magistrados\/SUBROGADO_NO12","_to":"nodos_causas\/CFP_917_2012","tipo":"juez"}
{"_from":"nodos_magistrados\/RODRIGUEZ_LUIS_OSVALDO","_to":"nodos_causas\/CFP_12360_2015","tipo":"juez"}
{"_from":"nodos_magistrados\/SUBROGADO_NO12","_to":"nodos_causas\/CFP_14623_2018","tipo":"juez"}
{"_from":"nodos_magistrados\/LIJO_ARIEL_OSCAR","_to":"nodos_causas\/CFP_7181_2014","tipo":"juez"}
{"_from":"nodos_magistrados\/SERVINI_DE_CUBRIA_MARIA_R","_to":"nodos_causas\/CFP_13233_2001","tipo":"juez"}
{"_from":"nodos_magistrados\/SERVINI_DE_CUBRIA_MARIA_R","_to":"nodos_causas\/CFP_1209_2016","tipo":"juez"}
{"_from":"nodos_magistrados\/LIJO_ARIEL_OSCAR","_to":"nodos_causas\/CFP_13547_2016","tipo":"juez"}
{"_from":"nodos_magistrados\/SUBROGADO_NO12","_to":"nodos_causas\/CFP_5105_2017","tipo":"juez"}
{"_from":"nodos_magistrados\/RODRIGUEZ_LUIS_OSVALDO","_to":"nodos_causas\/CFP_543_2020","tipo":"juez"}
{"_from":"nodos_magistrados\/RAFECAS_DANIEL_EDUARDO","_to":"nodos_causas\/CFP_16595_2016","tipo":"juez"}
{"_from":"nodos_magistrados\/SUBROGADO_NO6","_to":"nodos_causas\/FSM_47004993_2013","tipo":"juez"}
{"_from":"nodos_magistrados\/CASANELLO_SEBASTIAN_NORBERTO","_to":"nodos_causas\/CFP_8325_2013","tipo":"juez"}
{"_from":"nodos_magistrados\/RAFECAS_DANIEL_EDUARDO","_to":"nodos_causas\/CFP_4059_2012","tipo":"juez"}
{"_from":"nodos_magistrados\/ERCOLINI_JULIAN_DANIEL","_to":"nodos_causas\/CFP_11904_2014","tipo":"juez"}
{"_from":"nodos_magistrados\/SERVINI_DE_CUBRIA_MARIA_R","_to":"nodos_causas\/CFP_6225_2015","tipo":"juez"}
{"_from":"nodos_magistrados\/ERCOLINI_JULIAN_DANIEL","_to":"nodos_causas\/CFP_5396_2020","tipo":"juez"}
{"_from":"nodos_magistrados\/ERCOLINI_JULIAN_DANIEL","_to":"nodos_causas\/CPE_723_2016","tipo":"juez"}
{"_from":"nodos_magistrados\/RODRIGUEZ_LUIS_OSVALDO","_to":"nodos_causas\/CFP_8314_2020","tipo":"juez"}
{"_from":"nodos_magistrados\/RODRIGUEZ_LUIS_OSVALDO","_to":"nodos_causas\/CFP_11847_2016","tipo":"juez"}
{"_from":"nodos_magistrados\/LIJO_ARIEL_OSCAR","_to":"nodos_causas\/CFP_8892_2014","tipo":"juez"}
{"_from":"nodos_magistrados\/LIJO_ARIEL_OSCAR","_to":"nodos_causas\/CFP_7832_2014","tipo":"juez"}
{"_from":"nodos_magistrados\/SUBROGADO_NO6","_to":"nodos_causas\/CFP_6689_2016","tipo":"juez"}
{"_from":"nodos_magistrados\/LIJO_ARIEL_OSCAR","_to":"nodos_causas\/CFP_1576_2016","tipo":"juez"}
{"_from":"nodos_magistrados\/CASANELLO_SEBASTIAN_NORBERTO","_to":"nodos_causas\/CFP_3563_2018","tipo":"juez"}
{"_from":"nodos_magistrados\/CASANELLO_SEBASTIAN_NORBERTO","_to":"nodos_causas\/CFP_11240_2018","tipo":"juez"}
{"_from":"nodos_magistrados\/MARTINEZ_DE_GIORGI_MARCELO_PEDRO_HERNAN","_to":"nodos_causas\/CFP_3169_2015","tipo":"juez"}
{"_from":"nodos_magistrados\/LIJO_ARIEL_OSCAR","_to":"nodos_causas\/CFP_7544_2010","tipo":"juez"}
{"_from":"nodos_magistrados\/LIJO_ARIEL_OSCAR","_to":"nodos_causas\/CFP_95_2015","tipo":"juez"}
{"_from":"nodos_magistrados\/SUBROGADO_NO6","_to":"nodos_causas\/CFP_3417_2015","tipo":"juez"}
{"_from":"nodos_magistrados\/RAFECAS_DANIEL_EDUARDO","_to":"nodos_causas\/CFP_4404_2015","tipo":"juez"}
{"_from":"nodos_magistrados\/MARTINEZ_DE_GIORGI_MARCELO_PEDRO_HERNAN","_to":"nodos_causas\/CCC_7719_2013","tipo":"juez"}
{"_from":"nodos_magistrados\/SERVINI_DE_CUBRIA_MARIA_R","_to":"nodos_causas\/CFP_5208_2014","tipo":"juez"}
{"_from":"nodos_magistrados\/LIJO_ARIEL_OSCAR","_to":"nodos_causas\/CFP_1238_2014","tipo":"juez"}
{"_from":"nodos_magistrados\/ERCOLINI_JULIAN_DANIEL","_to":"nodos_causas\/CPE_1480_2016","tipo":"juez"}
{"_from":"nodos_magistrados\/LIJO_ARIEL_OSCAR","_to":"nodos_causas\/CFP_1363_2014","tipo":"juez"}
{"_from":"nodos_magistrados\/LIJO_ARIEL_OSCAR","_to":"nodos_causas\/CFP_1582_2016","tipo":"juez"}
{"_from":"nodos_magistrados\/LIJO_ARIEL_OSCAR","_to":"nodos_causas\/CFP_1584_2016","tipo":"juez"}
{"_from":"nodos_magistrados\/LIJO_ARIEL_OSCAR","_to":"nodos_causas\/CFP_15193_2009","tipo":"juez"}
{"_from":"nodos_magistrados\/LIJO_ARIEL_OSCAR","_to":"nodos_causas\/CFP_1583_2016","tipo":"juez"}
{"_from":"nodos_magistrados\/LIJO_ARIEL_OSCAR","_to":"nodos_causas\/CCC_41899_2015","tipo":"juez"}
{"_from":"nodos_magistrados\/RAFECAS_DANIEL_EDUARDO","_to":"nodos_causas\/CFP_14633_2015","tipo":"juez"}
{"_from":"nodos_magistrados\/SERVINI_DE_CUBRIA_MARIA_R","_to":"nodos_causas\/CFP_837_2015","tipo":"juez"}
{"_from":"nodos_magistrados\/SERVINI_DE_CUBRIA_MARIA_R","_to":"nodos_causas\/CFP_6842_2013","tipo":"juez"}
{"_from":"nodos_magistrados\/RODRIGUEZ_LUIS_OSVALDO","_to":"nodos_causas\/CFP_883_2022","tipo":"juez"}
{"_from":"nodos_magistrados\/RODRIGUEZ_LUIS_OSVALDO","_to":"nodos_causas\/CFP_878_2022","tipo":"juez"}
{"_from":"nodos_magistrados\/RODRIGUEZ_LUIS_OSVALDO","_to":"nodos_causas\/CFP_836_2022","tipo":"juez"}
{"_from":"nodos_magistrados\/RODRIGUEZ_LUIS_OSVALDO","_to":"nodos_causas\/CFP_471_2022","tipo":"juez"}
{"_from":"nodos_magistrados\/RODRIGUEZ_LUIS_OSVALDO","_to":"nodos_causas\/CFP_459_2022","tipo":"juez"}
{"_from":"nodos_magistrados\/RODRIGUEZ_LUIS_OSVALDO","_to":"nodos_causas\/CFP_409_2022","tipo":"juez"}
{"_from":"nodos_magistrados\/POLLICITA_GERARDO_DAVID","_to":"nodos_causas\/CFP_3732_2016","tipo":"fiscal"}
{"_from":"nodos_magistrados\/MARIJUAN_GUILLERMO_FERNANDO","_to":"nodos_causas\/CFP_10408_2010","tipo":"fiscal"}
{"_from":"nodos_magistrados\/DELGADO_FEDERICO_JOSE","_to":"nodos_causas\/CFP_3993_2007","tipo":"fiscal"}
{"_from":"nodos_magistrados\/DELGADO_FEDERICO_JOSE","_to":"nodos_causas\/CFP_6085_2014","tipo":"fiscal"}
{"_from":"nodos_magistrados\/MARIJUAN_GUILLERMO_FERNANDO","_to":"nodos_causas\/CFP_3017_2013","tipo":"fiscal"}
{"_from":"nodos_magistrados\/STORNELLI_CARLOS_ERNESTO","_to":"nodos_causas\/CFP_6582_2016","tipo":"fiscal"}
{"_from":"nodos_magistrados\/DELGADO_FEDERICO_JOSE","_to":"nodos_causas\/CFP_1495_2016","tipo":"fiscal"}
{"_from":"nodos_magistrados\/DELGADO_FEDERICO_JOSE","_to":"nodos_causas\/CFP_1614_2016","tipo":"fiscal"}
{"_from":"nodos_magistrados\/DELGADO_FEDERICO_JOSE","_to":"nodos_causas\/CFP_17402_2017","tipo":"fiscal"}
{"_from":"nodos_magistrados\/STORNELLI_CARLOS_ERNESTO","_to":"nodos_causas\/CFP_10456_2014","tipo":"fiscal"}
{"_from":"nodos_magistrados\/GONZALEZ_RAMIRO","_to":"nodos_causas\/CFP_7148_2020","tipo":"fiscal"}
{"_from":"nodos_magistrados\/POLLICITA_GERARDO_DAVID","_to":"nodos_causas\/CFP_4943_2016","tipo":"fiscal"}
{"_from":"nodos_magistrados\/DELGADO_FEDERICO_JOSE","_to":"nodos_causas\/CFP_11243_2016","tipo":"fiscal"}
{"_from":"nodos_magistrados\/PICARDI_FRANCO_EDUARDO","_to":"nodos_causas\/CFP_11060_2013","tipo":"fiscal"}
{"_from":"nodos_magistrados\/POLLICITA_GERARDO_DAVID","_to":"nodos_causas\/CFP_21029_2018","tipo":"fiscal"}
{"_from":"nodos_magistrados\/STORNELLI_CARLOS_ERNESTO","_to":"nodos_causas\/CFP_17459_2018","tipo":"fiscal"}
{"_from":"nodos_magistrados\/PICARDI_FRANCO_EDUARDO","_to":"nodos_causas\/CFP_8991_2019","tipo":"fiscal"}
{"_from":"nodos_magistrados\/STORNELLI_CARLOS_ERNESTO","_to":"nodos_causas\/CFP_13816_2018","tipo":"fiscal"}
{"_from":"nodos_magistrados\/DELGADO_FEDERICO_JOSE","_to":"nodos_causas\/CFP_14216_2003","tipo":"fiscal"}
{"_from":"nodos_magistrados\/DELGADO_FEDERICO_JOSE","_to":"nodos_causas\/CFP_7273_2006","tipo":"fiscal"}
{"_from":"nodos_magistrados\/TAIANO_EDUARDO_RAUL","_to":"nodos_causas\/CFP_14217_2003","tipo":"fiscal"}
{"_from":"nodos_magistrados\/GONZALEZ_RAMIRO","_to":"nodos_causas\/CFP_5530_2012","tipo":"fiscal"}
{"_from":"nodos_magistrados\/RIVOLO_CARLOS_ALBERTO","_to":"nodos_causas\/CFP_7302_2016","tipo":"fiscal"}
{"_from":"nodos_magistrados\/STORNELLI_CARLOS_ERNESTO","_to":"nodos_causas\/CFP_9608_2018","tipo":"fiscal"}
{"_from":"nodos_magistrados\/TAIANO_EDUARDO_RAUL","_to":"nodos_causas\/CFP_2752_2015","tipo":"fiscal"}
{"_from":"nodos_magistrados\/GONZALEZ_RAMIRO","_to":"nodos_causas\/CFP_12594_2014","tipo":"fiscal"}
{"_from":"nodos_magistrados\/POLLICITA_GERARDO_DAVID","_to":"nodos_causas\/CFP_10431_2016","tipo":"fiscal"}
{"_from":"nodos_magistrados\/GONZALEZ_RAMIRO","_to":"nodos_causas\/CFP_3634_2021","tipo":"fiscal"}
{"_from":"nodos_magistrados\/GONZALEZ_RAMIRO","_to":"nodos_causas\/CFP_9545_2016","tipo":"fiscal"}
{"_from":"nodos_magistrados\/STORNELLI_CARLOS_ERNESTO","_to":"nodos_causas\/CFP_9155_2016","tipo":"fiscal"}
{"_from":"nodos_magistrados\/STORNELLI_CARLOS_ERNESTO","_to":"nodos_causas\/CFP_18579_2006","tipo":"fiscal"}
{"_from":"nodos_magistrados\/GONZALEZ_RAMIRO","_to":"nodos_causas\/CFP_9862_2012","tipo":"fiscal"}
{"_from":"nodos_magistrados\/DELGADO_FEDERICO_JOSE","_to":"nodos_causas\/CFP_14728_2016","tipo":"fiscal"}
{"_from":"nodos_magistrados\/OCHOA_MARIA_PALOMA","_to":"nodos_causas\/CFP_681_2022","tipo":"fiscal"}
{"_from":"nodos_magistrados\/GONZALEZ_RAMIRO","_to":"nodos_causas\/CFP_1848_2016","tipo":"fiscal"}
{"_from":"nodos_magistrados\/MANGANO_MARIA_ALEJANDRA","_to":"nodos_causas\/CFP_16165_2016","tipo":"fiscal"}
{"_from":"nodos_magistrados\/DELGADO_FEDERICO_JOSE","_to":"nodos_causas\/CFP_2637_2004","tipo":"fiscal"}
{"_from":"nodos_magistrados\/DELGADO_FEDERICO_JOSE","_to":"nodos_causas\/CFP_5406_2013","tipo":"fiscal"}
{"_from":"nodos_magistrados\/TAIANO_EDUARDO_RAUL","_to":"nodos_causas\/CFP_14492_2016","tipo":"fiscal"}
{"_from":"nodos_magistrados\/TAIANO_EDUARDO_RAUL","_to":"nodos_causas\/CFP_9890_2016","tipo":"fiscal"}
{"_from":"nodos_magistrados\/POLLICITA_GERARDO_DAVID","_to":"nodos_causas\/CFP_5048_2016","tipo":"fiscal"}
{"_from":"nodos_magistrados\/DELGADO_FEDERICO_JOSE","_to":"nodos_causas\/CFP_13648_2009","tipo":"fiscal"}
{"_from":"nodos_magistrados\/GONZALEZ_RAMIRO","_to":"nodos_causas\/CFP_8124_2014","tipo":"fiscal"}
{"_from":"nodos_magistrados\/OCHOA_MARIA_PALOMA","_to":"nodos_causas\/CFP_6522_2011","tipo":"fiscal"}
{"_from":"nodos_magistrados\/PICARDI_FRANCO_EDUARDO","_to":"nodos_causas\/CPE_514_2019","tipo":"fiscal"}
{"_from":"nodos_magistrados\/MANGANO_MARIA_ALEJANDRA","_to":"nodos_causas\/CFP_3643_2019","tipo":"fiscal"}
{"_from":"nodos_magistrados\/MANGANO_MARIA_ALEJANDRA","_to":"nodos_causas\/CFP_2166_2002","tipo":"fiscal"}
{"_from":"nodos_magistrados\/POLLICITA_GERARDO_DAVID","_to":"nodos_causas\/CFP_5554_2016","tipo":"fiscal"}
{"_from":"nodos_magistrados\/OCHOA_MARIA_PALOMA","_to":"nodos_causas\/CFP_840_2022","tipo":"fiscal"}
{"_from":"nodos_magistrados\/OCHOA_MARIA_PALOMA","_to":"nodos_causas\/CFP_838_2022","tipo":"fiscal"}
{"_from":"nodos_magistrados\/OCHOA_MARIA_PALOMA","_to":"nodos_causas\/CFP_16156_2016","tipo":"fiscal"}
{"_from":"nodos_magistrados\/TAIANO_EDUARDO_RAUL","_to":"nodos_causas\/CFP_1376_2004","tipo":"fiscal"}
{"_from":"nodos_magistrados\/PICARDI_FRANCO_EDUARDO","_to":"nodos_causas\/CFP_1787_2007","tipo":"fiscal"}
{"_from":"nodos_magistrados\/PICARDI_FRANCO_EDUARDO","_to":"nodos_causas\/CFP_12222_2016","tipo":"fiscal"}
{"_from":"nodos_magistrados\/OCHOA_MARIA_PALOMA","_to":"nodos_causas\/CFP_1725_2010","tipo":"fiscal"}
{"_from":"nodos_magistrados\/PICARDI_FRANCO_EDUARDO","_to":"nodos_causas\/CCC_8099_2015","tipo":"fiscal"}
{"_from":"nodos_magistrados\/POLLICITA_GERARDO_DAVID","_to":"nodos_causas\/CFP_11766_2009","tipo":"fiscal"}
{"_from":"nodos_magistrados\/POLLICITA_GERARDO_DAVID","_to":"nodos_causas\/CFP_7888_2015","tipo":"fiscal"}
{"_from":"nodos_magistrados\/MANGANO_MARIA_ALEJANDRA","_to":"nodos_causas\/CFP_11105_2012","tipo":"fiscal"}
{"_from":"nodos_magistrados\/STORNELLI_CARLOS_ERNESTO","_to":"nodos_causas\/CFP_972_2016","tipo":"fiscal"}
{"_from":"nodos_magistrados\/DELGADO_FEDERICO_JOSE","_to":"nodos_causas\/CFP_6254_2014","tipo":"fiscal"}
{"_from":"nodos_magistrados\/DELGADO_FEDERICO_JOSE","_to":"nodos_causas\/CFP_12544_2013","tipo":"fiscal"}
{"_from":"nodos_magistrados\/STORNELLI_CARLOS_ERNESTO","_to":"nodos_causas\/CFP_6429_2010","tipo":"fiscal"}
{"_from":"nodos_magistrados\/GONZALEZ_RAMIRO","_to":"nodos_causas\/CFP_20489_2018","tipo":"fiscal"}
{"_from":"nodos_magistrados\/TAIANO_EDUARDO_RAUL","_to":"nodos_causas\/CFP_2645_1998","tipo":"fiscal"}
{"_from":"nodos_magistrados\/POLLICITA_GERARDO_DAVID","_to":"nodos_causas\/CFP_9326_2013","tipo":"fiscal"}
{"_from":"nodos_magistrados\/GONZALEZ_RAMIRO","_to":"nodos_causas\/CFP_513_2021","tipo":"fiscal"}
{"_from":"nodos_magistrados\/GONZALEZ_RAMIRO","_to":"nodos_causas\/CFP_9539_2014","tipo":"fiscal"}
{"_from":"nodos_magistrados\/MANGANO_MARIA_ALEJANDRA","_to":"nodos_causas\/CFP_7893_2013","tipo":"fiscal"}
{"_from":"nodos_magistrados\/RIVOLO_CARLOS_ALBERTO","_to":"nodos_causas\/CFP_2995_2020","tipo":"fiscal"}
{"_from":"nodos_magistrados\/GONZALEZ_RAMIRO","_to":"nodos_causas\/CFP_5372_2016","tipo":"fiscal"}
{"_from":"nodos_magistrados\/DELGADO_FEDERICO_JOSE","_to":"nodos_causas\/CFP_2666_2021","tipo":"fiscal"}
{"_from":"nodos_magistrados\/MARIJUAN_GUILLERMO_FERNANDO","_to":"nodos_causas\/CFP_11200_2010","tipo":"fiscal"}
{"_from":"nodos_magistrados\/TAIANO_EDUARDO_RAUL","_to":"nodos_causas\/CFP_7797_2017","tipo":"fiscal"}
{"_from":"nodos_magistrados\/MANGANO_MARIA_ALEJANDRA","_to":"nodos_causas\/CFP_980_2022","tipo":"fiscal"}
{"_from":"nodos_magistrados\/OCHOA_MARIA_PALOMA","_to":"nodos_causas\/CFP_6204_2011","tipo":"fiscal"}
{"_from":"nodos_magistrados\/PICARDI_FRANCO_EDUARDO","_to":"nodos_causas\/CFP_11384_2013","tipo":"fiscal"}
{"_from":"nodos_magistrados\/MARIJUAN_GUILLERMO_FERNANDO","_to":"nodos_causas\/CFP_9630_2016","tipo":"fiscal"}
{"_from":"nodos_magistrados\/GONZALEZ_RAMIRO","_to":"nodos_causas\/CCC_22406_2016","tipo":"fiscal"}
{"_from":"nodos_magistrados\/GONZALEZ_RAMIRO","_to":"nodos_causas\/CFP_3519_2021","tipo":"fiscal"}
{"_from":"nodos_magistrados\/GONZALEZ_RAMIRO","_to":"nodos_causas\/CFP_3526_2021","tipo":"fiscal"}
{"_from":"nodos_magistrados\/GONZALEZ_RAMIRO","_to":"nodos_causas\/CFP_2337_2015","tipo":"fiscal"}
{"_from":"nodos_magistrados\/POLLICITA_GERARDO_DAVID","_to":"nodos_causas\/CFP_11352_2014","tipo":"fiscal"}
{"_from":"nodos_magistrados\/DELGADO_FEDERICO_JOSE","_to":"nodos_causas\/CFP_13279_2012","tipo":"fiscal"}
{"_from":"nodos_magistrados\/POLLICITA_GERARDO_DAVID","_to":"nodos_causas\/CFP_15026_2003","tipo":"fiscal"}
{"_from":"nodos_magistrados\/GONZALEZ_RAMIRO","_to":"nodos_causas\/CFP_5251_2019","tipo":"fiscal"}
{"_from":"nodos_magistrados\/MANGANO_MARIA_ALEJANDRA","_to":"nodos_causas\/CFP_5890_2016","tipo":"fiscal"}
{"_from":"nodos_magistrados\/RIVOLO_CARLOS_ALBERTO","_to":"nodos_causas\/CFP_1241_2012","tipo":"fiscal"}
{"_from":"nodos_magistrados\/OCHOA_MARIA_PALOMA","_to":"nodos_causas\/CFP_9486_2016","tipo":"fiscal"}
{"_from":"nodos_magistrados\/DELGADO_FEDERICO_JOSE","_to":"nodos_causas\/CFP_12474_2017","tipo":"fiscal"}
{"_from":"nodos_magistrados\/MANGANO_MARIA_ALEJANDRA","_to":"nodos_causas\/CFP_18304_2006","tipo":"fiscal"}
{"_from":"nodos_magistrados\/DELGADO_FEDERICO_JOSE","_to":"nodos_causas\/CFP_12675_2017","tipo":"fiscal"}
{"_from":"nodos_magistrados\/GONZALEZ_RAMIRO","_to":"nodos_causas\/CFP_12777_2016","tipo":"fiscal"}
{"_from":"nodos_magistrados\/GONZALEZ_RAMIRO","_to":"nodos_causas\/CCC_64900_2015","tipo":"fiscal"}
{"_from":"nodos_magistrados\/GONZALEZ_RAMIRO","_to":"nodos_causas\/CFP_3724_2021","tipo":"fiscal"}
{"_from":"nodos_magistrados\/MANGANO_MARIA_ALEJANDRA","_to":"nodos_causas\/CFP_5828_2017","tipo":"fiscal"}
{"_from":"nodos_magistrados\/GONZALEZ_RAMIRO","_to":"nodos_causas\/CFP_16006_2004","tipo":"fiscal"}
{"_from":"nodos_magistrados\/MANGANO_MARIA_ALEJANDRA","_to":"nodos_causas\/CFP_14751_2017","tipo":"fiscal"}
{"_from":"nodos_magistrados\/TAIANO_EDUARDO_RAUL","_to":"nodos_causas\/CFP_14305_2015","tipo":"fiscal"}
{"_from":"nodos_magistrados\/RIVOLO_CARLOS_ALBERTO","_to":"nodos_causas\/CCC_39458_2013","tipo":"fiscal"}
{"_from":"nodos_magistrados\/GONZALEZ_RAMIRO","_to":"nodos_causas\/CFP_11490_2016","tipo":"fiscal"}
{"_from":"nodos_magistrados\/STORNELLI_CARLOS_ERNESTO","_to":"nodos_causas\/CFP_14122_2016","tipo":"fiscal"}
{"_from":"nodos_magistrados\/RIVOLO_CARLOS_ALBERTO","_to":"nodos_causas\/CFP_8224_2020","tipo":"fiscal"}
{"_from":"nodos_magistrados\/OCHOA_MARIA_PALOMA","_to":"nodos_causas\/CFP_7938_2017","tipo":"fiscal"}
{"_from":"nodos_magistrados\/GONZALEZ_RAMIRO","_to":"nodos_causas\/CFP_4931_1995","tipo":"fiscal"}
{"_from":"nodos_magistrados\/POLLICITA_GERARDO_DAVID","_to":"nodos_causas\/CFP_7806_2014","tipo":"fiscal"}
{"_from":"nodos_magistrados\/MANGANO_MARIA_ALEJANDRA","_to":"nodos_causas\/CFP_3903_2017","tipo":"fiscal"}
{"_from":"nodos_magistrados\/MANGANO_MARIA_ALEJANDRA","_to":"nodos_causas\/CFP_10039_2001","tipo":"fiscal"}
{"_from":"nodos_magistrados\/GONZALEZ_RAMIRO","_to":"nodos_causas\/CFP_6734_2013","tipo":"fiscal"}
{"_from":"nodos_magistrados\/PICARDI_FRANCO_EDUARDO","_to":"nodos_causas\/CFP_2885_2016","tipo":"fiscal"}
{"_from":"nodos_magistrados\/GONZALEZ_RAMIRO","_to":"nodos_causas\/CFP_12079_2013","tipo":"fiscal"}
{"_from":"nodos_magistrados\/STORNELLI_CARLOS_ERNESTO","_to":"nodos_causas\/CFP_5197_2007","tipo":"fiscal"}
{"_from":"nodos_magistrados\/OCHOA_MARIA_PALOMA","_to":"nodos_causas\/CFP_1135_2021","tipo":"fiscal"}
{"_from":"nodos_magistrados\/DELGADO_FEDERICO_JOSE","_to":"nodos_causas\/CFP_10732_2018","tipo":"fiscal"}
{"_from":"nodos_magistrados\/MANGANO_MARIA_ALEJANDRA","_to":"nodos_causas\/CFP_14156_2017","tipo":"fiscal"}
{"_from":"nodos_magistrados\/GONZALEZ_RAMIRO","_to":"nodos_causas\/CFP_13706_2018","tipo":"fiscal"}
{"_from":"nodos_magistrados\/TAIANO_EDUARDO_RAUL","_to":"nodos_causas\/CFP_11572_2014","tipo":"fiscal"}
{"_from":"nodos_magistrados\/TAIANO_EDUARDO_RAUL","_to":"nodos_causas\/CFP_7550_2020","tipo":"fiscal"}
{"_from":"nodos_magistrados\/POLLICITA_GERARDO_DAVID","_to":"nodos_causas\/CFP_7356_2013","tipo":"fiscal"}
{"_from":"nodos_magistrados\/STORNELLI_CARLOS_ERNESTO","_to":"nodos_causas\/CFP_5218_2016","tipo":"fiscal"}
{"_from":"nodos_magistrados\/GONZALEZ_RAMIRO","_to":"nodos_causas\/CFP_13453_2007","tipo":"fiscal"}
{"_from":"nodos_magistrados\/GONZALEZ_RAMIRO","_to":"nodos_causas\/CFP_3298_2010","tipo":"fiscal"}
{"_from":"nodos_magistrados\/MANGANO_MARIA_ALEJANDRA","_to":"nodos_causas\/CFP_670_2021","tipo":"fiscal"}
{"_from":"nodos_magistrados\/MANGANO_MARIA_ALEJANDRA","_to":"nodos_causas\/CFP_7797_2010","tipo":"fiscal"}
{"_from":"nodos_magistrados\/GONZALEZ_RAMIRO","_to":"nodos_causas\/CFP_4211_2016","tipo":"fiscal"}
{"_from":"nodos_magistrados\/GONZALEZ_RAMIRO","_to":"nodos_causas\/CFP_14119_2015","tipo":"fiscal"}
{"_from":"nodos_magistrados\/POLLICITA_GERARDO_DAVID","_to":"nodos_causas\/CFP_18368_2016","tipo":"fiscal"}
{"_from":"nodos_magistrados\/OCHOA_MARIA_PALOMA","_to":"nodos_causas\/CFP_752_2022","tipo":"fiscal"}
{"_from":"nodos_magistrados\/GONZALEZ_RAMIRO","_to":"nodos_causas\/CFP_5082_2019","tipo":"fiscal"}
{"_from":"nodos_magistrados\/POLLICITA_GERARDO_DAVID","_to":"nodos_causas\/CFP_550_2016","tipo":"fiscal"}
{"_from":"nodos_magistrados\/OCHOA_MARIA_PALOMA","_to":"nodos_causas\/CFP_7366_2017","tipo":"fiscal"}
{"_from":"nodos_magistrados\/GONZALEZ_RAMIRO","_to":"nodos_causas\/CFP_1953_2014","tipo":"fiscal"}
{"_from":"nodos_magistrados\/GONZALEZ_RAMIRO","_to":"nodos_causas\/CFP_8932_2009","tipo":"fiscal"}
{"_from":"nodos_magistrados\/OCHOA_MARIA_PALOMA","_to":"nodos_causas\/CCC_30009_2016","tipo":"fiscal"}
{"_from":"nodos_magistrados\/GONZALEZ_RAMIRO","_to":"nodos_causas\/CFP_5209_2021","tipo":"fiscal"}
{"_from":"nodos_magistrados\/TAIANO_EDUARDO_RAUL","_to":"nodos_causas\/CFP_6606_2015","tipo":"fiscal"}
{"_from":"nodos_magistrados\/GONZALEZ_RAMIRO","_to":"nodos_causas\/CFP_3482_2021","tipo":"fiscal"}
{"_from":"nodos_magistrados\/GONZALEZ_RAMIRO","_to":"nodos_causas\/CFP_12139_2016","tipo":"fiscal"}
{"_from":"nodos_magistrados\/STORNELLI_CARLOS_ERNESTO","_to":"nodos_causas\/CFP_17491_2005","tipo":"fiscal"}
{"_from":"nodos_magistrados\/TAIANO_EDUARDO_RAUL","_to":"nodos_causas\/CFP_18504_2017","tipo":"fiscal"}
{"_from":"nodos_magistrados\/MANGANO_MARIA_ALEJANDRA","_to":"nodos_causas\/CFP_894_2022","tipo":"fiscal"}
{"_from":"nodos_magistrados\/GONZALEZ_RAMIRO","_to":"nodos_causas\/CFP_9797_2015","tipo":"fiscal"}
{"_from":"nodos_magistrados\/POLLICITA_GERARDO_DAVID","_to":"nodos_causas\/CFP_8284_2016","tipo":"fiscal"}
{"_from":"nodos_magistrados\/POLLICITA_GERARDO_DAVID","_to":"nodos_causas\/CFP_5713_2011","tipo":"fiscal"}
{"_from":"nodos_magistrados\/PICARDI_FRANCO_EDUARDO","_to":"nodos_causas\/CFP_1236_2017","tipo":"fiscal"}
{"_from":"nodos_magistrados\/POLLICITA_GERARDO_DAVID","_to":"nodos_causas\/CFP_5500_2021","tipo":"fiscal"}
{"_from":"nodos_magistrados\/DELGADO_FEDERICO_JOSE","_to":"nodos_causas\/CFP_7483_2004","tipo":"fiscal"}
{"_from":"nodos_magistrados\/OCHOA_MARIA_PALOMA","_to":"nodos_causas\/CFP_9810_2020","tipo":"fiscal"}
{"_from":"nodos_magistrados\/TAIANO_EDUARDO_RAUL","_to":"nodos_causas\/CFP_4960_2010","tipo":"fiscal"}
{"_from":"nodos_magistrados\/GONZALEZ_RAMIRO","_to":"nodos_causas\/CFP_2989_2020","tipo":"fiscal"}
{"_from":"nodos_magistrados\/GONZALEZ_RAMIRO","_to":"nodos_causas\/CFP_10049_2015","tipo":"fiscal"}
{"_from":"nodos_magistrados\/STORNELLI_CARLOS_ERNESTO","_to":"nodos_causas\/CFP_13335_2002","tipo":"fiscal"}
{"_from":"nodos_magistrados\/DELGADO_FEDERICO_JOSE","_to":"nodos_causas\/CCC_59219_2013","tipo":"fiscal"}
{"_from":"nodos_magistrados\/OCHOA_MARIA_PALOMA","_to":"nodos_causas\/CFP_760_2022","tipo":"fiscal"}
{"_from":"nodos_magistrados\/GONZALEZ_RAMIRO","_to":"nodos_causas\/CFP_1493_2021","tipo":"fiscal"}
{"_from":"nodos_magistrados\/TAIANO_EDUARDO_RAUL","_to":"nodos_causas\/CFP_714_2021","tipo":"fiscal"}
{"_from":"nodos_magistrados\/POLLICITA_GERARDO_DAVID","_to":"nodos_causas\/CFP_5530_2016","tipo":"fiscal"}
{"_from":"nodos_magistrados\/GONZALEZ_RAMIRO","_to":"nodos_causas\/CFP_1106_2016","tipo":"fiscal"}
{"_from":"nodos_magistrados\/GONZALEZ_RAMIRO","_to":"nodos_causas\/CFP_5212_2021","tipo":"fiscal"}
{"_from":"nodos_magistrados\/DELGADO_FEDERICO_JOSE","_to":"nodos_causas\/CFP_9775_2018","tipo":"fiscal"}
{"_from":"nodos_magistrados\/PICARDI_FRANCO_EDUARDO","_to":"nodos_causas\/CFP_11616_2003","tipo":"fiscal"}
{"_from":"nodos_magistrados\/GONZALEZ_RAMIRO","_to":"nodos_causas\/CFP_11596_2011","tipo":"fiscal"}
{"_from":"nodos_magistrados\/OCHOA_MARIA_PALOMA","_to":"nodos_causas\/CFP_1844_2001","tipo":"fiscal"}
{"_from":"nodos_magistrados\/STORNELLI_CARLOS_ERNESTO","_to":"nodos_causas\/CFP_4249_2014","tipo":"fiscal"}
{"_from":"nodos_magistrados\/RIVOLO_CARLOS_ALBERTO","_to":"nodos_causas\/CFP_6325_2013","tipo":"fiscal"}
{"_from":"nodos_magistrados\/OCHOA_MARIA_PALOMA","_to":"nodos_causas\/CFP_462_2020","tipo":"fiscal"}
{"_from":"nodos_magistrados\/GONZALEZ_RAMIRO","_to":"nodos_causas\/CFP_3505_2021","tipo":"fiscal"}
{"_from":"nodos_magistrados\/GONZALEZ_RAMIRO","_to":"nodos_causas\/CFP_2026_2021","tipo":"fiscal"}
{"_from":"nodos_magistrados\/PICARDI_FRANCO_EDUARDO","_to":"nodos_causas\/CFP_10566_2016","tipo":"fiscal"}
{"_from":"nodos_magistrados\/MARIJUAN_GUILLERMO_FERNANDO","_to":"nodos_causas\/CFP_4488_2020","tipo":"fiscal"}
{"_from":"nodos_magistrados\/STORNELLI_CARLOS_ERNESTO","_to":"nodos_causas\/CFP_9281_2017","tipo":"fiscal"}
{"_from":"nodos_magistrados\/GONZALEZ_RAMIRO","_to":"nodos_causas\/CFP_5175_2021","tipo":"fiscal"}
{"_from":"nodos_magistrados\/MANGANO_MARIA_ALEJANDRA","_to":"nodos_causas\/CFP_873_2022","tipo":"fiscal"}
{"_from":"nodos_magistrados\/MANGANO_MARIA_ALEJANDRA","_to":"nodos_causas\/CFP_872_2022","tipo":"fiscal"}
{"_from":"nodos_magistrados\/PICARDI_FRANCO_EDUARDO","_to":"nodos_causas\/CFP_22082_2001","tipo":"fiscal"}
{"_from":"nodos_magistrados\/POLLICITA_GERARDO_DAVID","_to":"nodos_causas\/CFP_17475_2007","tipo":"fiscal"}
{"_from":"nodos_magistrados\/DELGADO_FEDERICO_JOSE","_to":"nodos_causas\/CFP_2462_2020","tipo":"fiscal"}
{"_from":"nodos_magistrados\/MARIJUAN_GUILLERMO_FERNANDO","_to":"nodos_causas\/CFP_4077_2020","tipo":"fiscal"}
{"_from":"nodos_magistrados\/DELGADO_FEDERICO_JOSE","_to":"nodos_causas\/CFP_9815_2017","tipo":"fiscal"}
{"_from":"nodos_magistrados\/GONZALEZ_RAMIRO","_to":"nodos_causas\/CFP_12405_2013","tipo":"fiscal"}
{"_from":"nodos_magistrados\/POLLICITA_GERARDO_DAVID","_to":"nodos_causas\/CFP_3379_2009","tipo":"fiscal"}
{"_from":"nodos_magistrados\/DELGADO_FEDERICO_JOSE","_to":"nodos_causas\/CFP_15427_2017","tipo":"fiscal"}
{"_from":"nodos_magistrados\/GONZALEZ_RAMIRO","_to":"nodos_causas\/CFP_3720_2021","tipo":"fiscal"}
{"_from":"nodos_magistrados\/POLLICITA_GERARDO_DAVID","_to":"nodos_causas\/CFP_17280_2016","tipo":"fiscal"}
{"_from":"nodos_magistrados\/TAIANO_EDUARDO_RAUL","_to":"nodos_causas\/CCC_3559_2015","tipo":"fiscal"}
{"_from":"nodos_magistrados\/GONZALEZ_RAMIRO","_to":"nodos_causas\/CFP_15661_2016","tipo":"fiscal"}
{"_from":"nodos_magistrados\/GONZALEZ_RAMIRO","_to":"nodos_causas\/CFP_1999_2012","tipo":"fiscal"}
{"_from":"nodos_magistrados\/MARIJUAN_GUILLERMO_FERNANDO","_to":"nodos_causas\/CFP_1301_2010","tipo":"fiscal"}
{"_from":"nodos_magistrados\/STORNELLI_CARLOS_ERNESTO","_to":"nodos_causas\/CFP_12645_2009","tipo":"fiscal"}
{"_from":"nodos_magistrados\/GONZALEZ_RAMIRO","_to":"nodos_causas\/CFP_15384_2017","tipo":"fiscal"}
{"_from":"nodos_magistrados\/GONZALEZ_RAMIRO","_to":"nodos_causas\/CPE_242_2016","tipo":"fiscal"}
{"_from":"nodos_magistrados\/STORNELLI_CARLOS_ERNESTO","_to":"nodos_causas\/CFP_8852_2019","tipo":"fiscal"}
{"_from":"nodos_magistrados\/POLLICITA_GERARDO_DAVID","_to":"nodos_causas\/CFP_12063_2012","tipo":"fiscal"}
{"_from":"nodos_magistrados\/MANGANO_MARIA_ALEJANDRA","_to":"nodos_causas\/CFP_20637_2017","tipo":"fiscal"}
{"_from":"nodos_magistrados\/POLLICITA_GERARDO_DAVID","_to":"nodos_causas\/CFP_6911_2021","tipo":"fiscal"}
{"_from":"nodos_magistrados\/MANGANO_MARIA_ALEJANDRA","_to":"nodos_causas\/CFP_3153_2018","tipo":"fiscal"}
{"_from":"nodos_magistrados\/TAIANO_EDUARDO_RAUL","_to":"nodos_causas\/CFP_20043_2017","tipo":"fiscal"}
{"_from":"nodos_magistrados\/STORNELLI_CARLOS_ERNESTO","_to":"nodos_causas\/CFP_11026_2018","tipo":"fiscal"}
{"_from":"nodos_magistrados\/PICARDI_FRANCO_EDUARDO","_to":"nodos_causas\/CFP_2687_2016","tipo":"fiscal"}
{"_from":"nodos_magistrados\/POLLICITA_GERARDO_DAVID","_to":"nodos_causas\/CFP_11910_2016","tipo":"fiscal"}
{"_from":"nodos_magistrados\/TAIANO_EDUARDO_RAUL","_to":"nodos_causas\/CFP_4513_2021","tipo":"fiscal"}
{"_from":"nodos_magistrados\/POLLICITA_GERARDO_DAVID","_to":"nodos_causas\/CPE_1045_2019","tipo":"fiscal"}
{"_from":"nodos_magistrados\/OCHOA_MARIA_PALOMA","_to":"nodos_causas\/CFP_5542_2017","tipo":"fiscal"}
{"_from":"nodos_magistrados\/STORNELLI_CARLOS_ERNESTO","_to":"nodos_causas\/CFP_14824_2010","tipo":"fiscal"}
{"_from":"nodos_magistrados\/MANGANO_MARIA_ALEJANDRA","_to":"nodos_causas\/CCC_38119_2013","tipo":"fiscal"}
{"_from":"nodos_magistrados\/GONZALEZ_RAMIRO","_to":"nodos_causas\/CFP_11117_2016","tipo":"fiscal"}
{"_from":"nodos_magistrados\/DELGADO_FEDERICO_JOSE","_to":"nodos_causas\/CCC_13682_2015","tipo":"fiscal"}
{"_from":"nodos_magistrados\/GONZALEZ_RAMIRO","_to":"nodos_causas\/CFP_11937_2016","tipo":"fiscal"}
{"_from":"nodos_magistrados\/MANGANO_MARIA_ALEJANDRA","_to":"nodos_causas\/CFP_2272_2019","tipo":"fiscal"}
{"_from":"nodos_magistrados\/DELGADO_FEDERICO_JOSE","_to":"nodos_causas\/CFP_7264_2021","tipo":"fiscal"}
{"_from":"nodos_magistrados\/TAIANO_EDUARDO_RAUL","_to":"nodos_causas\/CFP_9184_2020","tipo":"fiscal"}
{"_from":"nodos_magistrados\/PICARDI_FRANCO_EDUARDO","_to":"nodos_causas\/CFP_4498_2013","tipo":"fiscal"}
{"_from":"nodos_magistrados\/STORNELLI_CARLOS_ERNESTO","_to":"nodos_causas\/CFP_388_2016","tipo":"fiscal"}
{"_from":"nodos_magistrados\/STORNELLI_CARLOS_ERNESTO","_to":"nodos_causas\/CFP_12438_2008","tipo":"fiscal"}
{"_from":"nodos_magistrados\/TAIANO_EDUARDO_RAUL","_to":"nodos_causas\/CFP_6790_2016","tipo":"fiscal"}
{"_from":"nodos_magistrados\/POLLICITA_GERARDO_DAVID","_to":"nodos_causas\/CFP_4786_2017","tipo":"fiscal"}
{"_from":"nodos_magistrados\/RIVOLO_CARLOS_ALBERTO","_to":"nodos_causas\/CFP_11276_2016","tipo":"fiscal"}
{"_from":"nodos_magistrados\/GONZALEZ_RAMIRO","_to":"nodos_causas\/CFP_10324_2016","tipo":"fiscal"}
{"_from":"nodos_magistrados\/POLLICITA_GERARDO_DAVID","_to":"nodos_causas\/CFP_12193_2016","tipo":"fiscal"}
{"_from":"nodos_magistrados\/MANGANO_MARIA_ALEJANDRA","_to":"nodos_causas\/CFP_5924_2021","tipo":"fiscal"}
{"_from":"nodos_magistrados\/PICARDI_FRANCO_EDUARDO","_to":"nodos_causas\/CFP_4596_2013","tipo":"fiscal"}
{"_from":"nodos_magistrados\/POLLICITA_GERARDO_DAVID","_to":"nodos_causas\/CFP_14583_2015","tipo":"fiscal"}
{"_from":"nodos_magistrados\/POLLICITA_GERARDO_DAVID","_to":"nodos_causas\/FCT_1785_2016","tipo":"fiscal"}
{"_from":"nodos_magistrados\/OCHOA_MARIA_PALOMA","_to":"nodos_causas\/CFP_633_2022","tipo":"fiscal"}
{"_from":"nodos_magistrados\/DELGADO_FEDERICO_JOSE","_to":"nodos_causas\/CFP_9147_1998","tipo":"fiscal"}
{"_from":"nodos_magistrados\/OCHOA_MARIA_PALOMA","_to":"nodos_causas\/CFP_758_2022","tipo":"fiscal"}
{"_from":"nodos_magistrados\/MANGANO_MARIA_ALEJANDRA","_to":"nodos_causas\/CFP_5847_2020","tipo":"fiscal"}
{"_from":"nodos_magistrados\/GONZALEZ_RAMIRO","_to":"nodos_causas\/CFP_15151_2016","tipo":"fiscal"}
{"_from":"nodos_magistrados\/GONZALEZ_RAMIRO","_to":"nodos_causas\/CFP_7129_2018","tipo":"fiscal"}
{"_from":"nodos_magistrados\/PICARDI_FRANCO_EDUARDO","_to":"nodos_causas\/CFP_2357_2020","tipo":"fiscal"}
{"_from":"nodos_magistrados\/OCHOA_MARIA_PALOMA","_to":"nodos_causas\/CFP_7099_2016","tipo":"fiscal"}
{"_from":"nodos_magistrados\/STORNELLI_CARLOS_ERNESTO","_to":"nodos_causas\/CFP_10158_2017","tipo":"fiscal"}
{"_from":"nodos_magistrados\/TAIANO_EDUARDO_RAUL","_to":"nodos_causas\/CFP_544_2018","tipo":"fiscal"}
{"_from":"nodos_magistrados\/TAIANO_EDUARDO_RAUL","_to":"nodos_causas\/CFP_7787_2010","tipo":"fiscal"}
{"_from":"nodos_magistrados\/TAIANO_EDUARDO_RAUL","_to":"nodos_causas\/CFP_2053_2015","tipo":"fiscal"}
{"_from":"nodos_magistrados\/PICARDI_FRANCO_EDUARDO","_to":"nodos_causas\/CFP_3262_2017","tipo":"fiscal"}
{"_from":"nodos_magistrados\/PICARDI_FRANCO_EDUARDO","_to":"nodos_causas\/CFP_13127_2017","tipo":"fiscal"}
{"_from":"nodos_magistrados\/POLLICITA_GERARDO_DAVID","_to":"nodos_causas\/CPE_213_2016","tipo":"fiscal"}
{"_from":"nodos_magistrados\/POLLICITA_GERARDO_DAVID","_to":"nodos_causas\/CPE_837_2016","tipo":"fiscal"}
{"_from":"nodos_magistrados\/POLLICITA_GERARDO_DAVID","_to":"nodos_causas\/CPE_836_2016","tipo":"fiscal"}
{"_from":"nodos_magistrados\/POLLICITA_GERARDO_DAVID","_to":"nodos_causas\/CPE_835_2016","tipo":"fiscal"}
{"_from":"nodos_magistrados\/POLLICITA_GERARDO_DAVID","_to":"nodos_causas\/CPE_833_2016","tipo":"fiscal"}
{"_from":"nodos_magistrados\/DELGADO_FEDERICO_JOSE","_to":"nodos_causas\/CFP_370_2007","tipo":"fiscal"}
{"_from":"nodos_magistrados\/MARIJUAN_GUILLERMO_FERNANDO","_to":"nodos_causas\/CFP_9334_2016","tipo":"fiscal"}
{"_from":"nodos_magistrados\/GONZALEZ_RAMIRO","_to":"nodos_causas\/CFP_3446_2012","tipo":"fiscal"}
{"_from":"nodos_magistrados\/OCHOA_MARIA_PALOMA","_to":"nodos_causas\/CCC_20736_2019","tipo":"fiscal"}
{"_from":"nodos_magistrados\/GONZALEZ_RAMIRO","_to":"nodos_causas\/CFP_5196_2021","tipo":"fiscal"}
{"_from":"nodos_magistrados\/TAIANO_EDUARDO_RAUL","_to":"nodos_causas\/CFP_12053_2007","tipo":"fiscal"}
{"_from":"nodos_magistrados\/GONZALEZ_RAMIRO","_to":"nodos_causas\/CFP_16424_2016","tipo":"fiscal"}
{"_from":"nodos_magistrados\/GONZALEZ_RAMIRO","_to":"nodos_causas\/FCB_6773_2016","tipo":"fiscal"}
{"_from":"nodos_magistrados\/MARIJUAN_GUILLERMO_FERNANDO","_to":"nodos_causas\/CFP_10343_2016","tipo":"fiscal"}
{"_from":"nodos_magistrados\/STORNELLI_CARLOS_ERNESTO","_to":"nodos_causas\/CFP_14389_2016","tipo":"fiscal"}
{"_from":"nodos_magistrados\/TAIANO_EDUARDO_RAUL","_to":"nodos_causas\/CFP_5286_2021","tipo":"fiscal"}
{"_from":"nodos_magistrados\/GONZALEZ_RAMIRO","_to":"nodos_causas\/CFP_12738_2016","tipo":"fiscal"}
{"_from":"nodos_magistrados\/MARIJUAN_GUILLERMO_FERNANDO","_to":"nodos_causas\/CFP_2160_2009","tipo":"fiscal"}
{"_from":"nodos_magistrados\/DELGADO_FEDERICO_JOSE","_to":"nodos_causas\/CFP_12113_2013","tipo":"fiscal"}
{"_from":"nodos_magistrados\/STORNELLI_CARLOS_ERNESTO","_to":"nodos_causas\/CFP_15390_2016","tipo":"fiscal"}
{"_from":"nodos_magistrados\/GONZALEZ_RAMIRO","_to":"nodos_causas\/CFP_14241_2010","tipo":"fiscal"}
{"_from":"nodos_magistrados\/TAIANO_EDUARDO_RAUL","_to":"nodos_causas\/CCC_35089_2018","tipo":"fiscal"}
{"_from":"nodos_magistrados\/PICARDI_FRANCO_EDUARDO","_to":"nodos_causas\/CCC_60847_2014","tipo":"fiscal"}
{"_from":"nodos_magistrados\/DELGADO_FEDERICO_JOSE","_to":"nodos_causas\/CFP_1593_2019","tipo":"fiscal"}
{"_from":"nodos_magistrados\/DELGADO_FEDERICO_JOSE","_to":"nodos_causas\/CFP_14133_2017","tipo":"fiscal"}
{"_from":"nodos_magistrados\/OCHOA_MARIA_PALOMA","_to":"nodos_causas\/CFP_11913_2012","tipo":"fiscal"}
{"_from":"nodos_magistrados\/STORNELLI_CARLOS_ERNESTO","_to":"nodos_causas\/CFP_10348_2017","tipo":"fiscal"}
{"_from":"nodos_magistrados\/RIVOLO_CARLOS_ALBERTO","_to":"nodos_causas\/CFP_5120_2019","tipo":"fiscal"}
{"_from":"nodos_magistrados\/OCHOA_MARIA_PALOMA","_to":"nodos_causas\/CFP_11297_2012","tipo":"fiscal"}
{"_from":"nodos_magistrados\/DELGADO_FEDERICO_JOSE","_to":"nodos_causas\/CFP_9629_2018","tipo":"fiscal"}
{"_from":"nodos_magistrados\/GONZALEZ_RAMIRO","_to":"nodos_causas\/CFP_5046_2021","tipo":"fiscal"}
{"_from":"nodos_magistrados\/STORNELLI_CARLOS_ERNESTO","_to":"nodos_causas\/CFP_14642_2000","tipo":"fiscal"}
{"_from":"nodos_magistrados\/DELGADO_FEDERICO_JOSE","_to":"nodos_causas\/CFP_8720_2002","tipo":"fiscal"}
{"_from":"nodos_magistrados\/PICARDI_FRANCO_EDUARDO","_to":"nodos_causas\/CFP_4773_2013","tipo":"fiscal"}
{"_from":"nodos_magistrados\/STORNELLI_CARLOS_ERNESTO","_to":"nodos_causas\/CFP_10317_2018","tipo":"fiscal"}
{"_from":"nodos_magistrados\/PICARDI_FRANCO_EDUARDO","_to":"nodos_causas\/CFP_14234_2016","tipo":"fiscal"}
{"_from":"nodos_magistrados\/STORNELLI_CARLOS_ERNESTO","_to":"nodos_causas\/CFP_8500_2020","tipo":"fiscal"}
{"_from":"nodos_magistrados\/GONZALEZ_RAMIRO","_to":"nodos_causas\/CFP_14139_2016","tipo":"fiscal"}
{"_from":"nodos_magistrados\/RIVOLO_CARLOS_ALBERTO","_to":"nodos_causas\/CFP_9074_2012","tipo":"fiscal"}
{"_from":"nodos_magistrados\/GONZALEZ_RAMIRO","_to":"nodos_causas\/CFP_1122_2015","tipo":"fiscal"}
{"_from":"nodos_magistrados\/GONZALEZ_RAMIRO","_to":"nodos_causas\/CFP_20139_2017","tipo":"fiscal"}
{"_from":"nodos_magistrados\/DELGADO_FEDERICO_JOSE","_to":"nodos_causas\/CFP_2752_2016","tipo":"fiscal"}
{"_from":"nodos_magistrados\/TAIANO_EDUARDO_RAUL","_to":"nodos_causas\/CFP_1791_2014","tipo":"fiscal"}
{"_from":"nodos_magistrados\/TAIANO_EDUARDO_RAUL","_to":"nodos_causas\/CFP_2585_2016","tipo":"fiscal"}
{"_from":"nodos_magistrados\/POLLICITA_GERARDO_DAVID","_to":"nodos_causas\/CFP_2643_2012","tipo":"fiscal"}
{"_from":"nodos_magistrados\/DELGADO_FEDERICO_JOSE","_to":"nodos_causas\/CFP_4263_2014","tipo":"fiscal"}
{"_from":"nodos_magistrados\/POLLICITA_GERARDO_DAVID","_to":"nodos_causas\/CFP_1107_2021","tipo":"fiscal"}
{"_from":"nodos_magistrados\/MANGANO_MARIA_ALEJANDRA","_to":"nodos_causas\/CFP_420_2022","tipo":"fiscal"}
{"_from":"nodos_magistrados\/GONZALEZ_RAMIRO","_to":"nodos_causas\/CFP_3531_2021","tipo":"fiscal"}
{"_from":"nodos_magistrados\/MANGANO_MARIA_ALEJANDRA","_to":"nodos_causas\/CFP_18704_2018","tipo":"fiscal"}
{"_from":"nodos_magistrados\/MANGANO_MARIA_ALEJANDRA","_to":"nodos_causas\/CFP_2648_2005","tipo":"fiscal"}
{"_from":"nodos_magistrados\/PICARDI_FRANCO_EDUARDO","_to":"nodos_causas\/CFP_12449_2016","tipo":"fiscal"}
{"_from":"nodos_magistrados\/GONZALEZ_RAMIRO","_to":"nodos_causas\/CFP_4745_2021","tipo":"fiscal"}
{"_from":"nodos_magistrados\/MANGANO_MARIA_ALEJANDRA","_to":"nodos_causas\/CFP_275_2022","tipo":"fiscal"}
{"_from":"nodos_magistrados\/MANGANO_MARIA_ALEJANDRA","_to":"nodos_causas\/CFP_1099_2020","tipo":"fiscal"}
{"_from":"nodos_magistrados\/RIVOLO_CARLOS_ALBERTO","_to":"nodos_causas\/CFP_14694_2017","tipo":"fiscal"}
{"_from":"nodos_magistrados\/MANGANO_MARIA_ALEJANDRA","_to":"nodos_causas\/CFP_284_2022","tipo":"fiscal"}
{"_from":"nodos_magistrados\/STORNELLI_CARLOS_ERNESTO","_to":"nodos_causas\/CFP_4973_2010","tipo":"fiscal"}
{"_from":"nodos_magistrados\/GONZALEZ_RAMIRO","_to":"nodos_causas\/CFP_2836_2021","tipo":"fiscal"}
{"_from":"nodos_magistrados\/OCHOA_MARIA_PALOMA","_to":"nodos_causas\/CFP_11663_2000","tipo":"fiscal"}
{"_from":"nodos_magistrados\/OCHOA_MARIA_PALOMA","_to":"nodos_causas\/CFP_6850_2020","tipo":"fiscal"}
{"_from":"nodos_magistrados\/MARIJUAN_GUILLERMO_FERNANDO","_to":"nodos_causas\/CFP_13216_2012","tipo":"fiscal"}
{"_from":"nodos_magistrados\/MARIJUAN_GUILLERMO_FERNANDO","_to":"nodos_causas\/CFP_2745_2010","tipo":"fiscal"}
{"_from":"nodos_magistrados\/GONZALEZ_RAMIRO","_to":"nodos_causas\/CFP_3477_2016","tipo":"fiscal"}
{"_from":"nodos_magistrados\/GONZALEZ_RAMIRO","_to":"nodos_causas\/CFP_4591_2016","tipo":"fiscal"}
{"_from":"nodos_magistrados\/POLLICITA_GERARDO_DAVID","_to":"nodos_causas\/FRE_2110_2016","tipo":"fiscal"}
{"_from":"nodos_magistrados\/GONZALEZ_RAMIRO","_to":"nodos_causas\/CFP_7592_2021","tipo":"fiscal"}
{"_from":"nodos_magistrados\/TAIANO_EDUARDO_RAUL","_to":"nodos_causas\/CFP_13722_2016","tipo":"fiscal"}
{"_from":"nodos_magistrados\/GONZALEZ_RAMIRO","_to":"nodos_causas\/CCC_58272_2016","tipo":"fiscal"}
{"_from":"nodos_magistrados\/POLLICITA_GERARDO_DAVID","_to":"nodos_causas\/CFP_7257_2020","tipo":"fiscal"}
{"_from":"nodos_magistrados\/GONZALEZ_RAMIRO","_to":"nodos_causas\/CFP_12590_2014","tipo":"fiscal"}
{"_from":"nodos_magistrados\/PICARDI_FRANCO_EDUARDO","_to":"nodos_causas\/CFP_22026_2018","tipo":"fiscal"}
{"_from":"nodos_magistrados\/","_to":"nodos_causas\/CFP_12000144_1980","tipo":"fiscal"}
{"_from":"nodos_magistrados\/MANGANO_MARIA_ALEJANDRA","_to":"nodos_causas\/CFP_6152_2019","tipo":"fiscal"}
{"_from":"nodos_magistrados\/GONZALEZ_RAMIRO","_to":"nodos_causas\/CFP_8356_2016","tipo":"fiscal"}
{"_from":"nodos_magistrados\/MANGANO_MARIA_ALEJANDRA","_to":"nodos_causas\/CFP_20018_2017","tipo":"fiscal"}
{"_from":"nodos_magistrados\/DELGADO_FEDERICO_JOSE","_to":"nodos_causas\/CFP_8316_2011","tipo":"fiscal"}
{"_from":"nodos_magistrados\/POLLICITA_GERARDO_DAVID","_to":"nodos_causas\/CPE_1341_2018","tipo":"fiscal"}
{"_from":"nodos_magistrados\/POLLICITA_GERARDO_DAVID","_to":"nodos_causas\/CPE_1720_2018","tipo":"fiscal"}
{"_from":"nodos_magistrados\/DELGADO_FEDERICO_JOSE","_to":"nodos_causas\/CFP_21422_2018","tipo":"fiscal"}
{"_from":"nodos_magistrados\/GONZALEZ_RAMIRO","_to":"nodos_causas\/CFP_6187_2020","tipo":"fiscal"}
{"_from":"nodos_magistrados\/STORNELLI_CARLOS_ERNESTO","_to":"nodos_causas\/CFP_15407_2010","tipo":"fiscal"}
{"_from":"nodos_magistrados\/STORNELLI_CARLOS_ERNESTO","_to":"nodos_causas\/CFP_2876_2018","tipo":"fiscal"}
{"_from":"nodos_magistrados\/RIVOLO_CARLOS_ALBERTO","_to":"nodos_causas\/CFP_14188_2015","tipo":"fiscal"}
{"_from":"nodos_magistrados\/MANGANO_MARIA_ALEJANDRA","_to":"nodos_causas\/CFP_998_2021","tipo":"fiscal"}
{"_from":"nodos_magistrados\/DELGADO_FEDERICO_JOSE","_to":"nodos_causas\/FCB_32023375_2012","tipo":"fiscal"}
{"_from":"nodos_magistrados\/TAIANO_EDUARDO_RAUL","_to":"nodos_causas\/CFP_7171_2016","tipo":"fiscal"}
{"_from":"nodos_magistrados\/DELGADO_FEDERICO_JOSE","_to":"nodos_causas\/CFP_11072_2007","tipo":"fiscal"}
{"_from":"nodos_magistrados\/MANGANO_MARIA_ALEJANDRA","_to":"nodos_causas\/CFP_2123_2018","tipo":"fiscal"}
{"_from":"nodos_magistrados\/TAIANO_EDUARDO_RAUL","_to":"nodos_causas\/CFP_9731_2016","tipo":"fiscal"}
{"_from":"nodos_magistrados\/TAIANO_EDUARDO_RAUL","_to":"nodos_causas\/CFP_7978_2018","tipo":"fiscal"}
{"_from":"nodos_magistrados\/TAIANO_EDUARDO_RAUL","_to":"nodos_causas\/CFP_14411_2018","tipo":"fiscal"}
{"_from":"nodos_magistrados\/STORNELLI_CARLOS_ERNESTO","_to":"nodos_causas\/CFP_8162_2004","tipo":"fiscal"}
{"_from":"nodos_magistrados\/PICARDI_FRANCO_EDUARDO","_to":"nodos_causas\/CFP_6297_2012","tipo":"fiscal"}
{"_from":"nodos_magistrados\/POLLICITA_GERARDO_DAVID","_to":"nodos_causas\/CFP_20517_2017","tipo":"fiscal"}
{"_from":"nodos_magistrados\/GONZALEZ_RAMIRO","_to":"nodos_causas\/CFP_7283_2021","tipo":"fiscal"}
{"_from":"nodos_magistrados\/GONZALEZ_RAMIRO","_to":"nodos_causas\/CFP_11623_2014","tipo":"fiscal"}
{"_from":"nodos_magistrados\/OCHOA_MARIA_PALOMA","_to":"nodos_causas\/CFP_7230_2021","tipo":"fiscal"}
{"_from":"nodos_magistrados\/GONZALEZ_RAMIRO","_to":"nodos_causas\/CFP_13077_2017","tipo":"fiscal"}
{"_from":"nodos_magistrados\/GONZALEZ_RAMIRO","_to":"nodos_causas\/CFP_18708_2016","tipo":"fiscal"}
{"_from":"nodos_magistrados\/GONZALEZ_RAMIRO","_to":"nodos_causas\/CFP_4729_2021","tipo":"fiscal"}
{"_from":"nodos_magistrados\/MANGANO_MARIA_ALEJANDRA","_to":"nodos_causas\/CFP_2206_2018","tipo":"fiscal"}
{"_from":"nodos_magistrados\/GONZALEZ_RAMIRO","_to":"nodos_causas\/CFP_13233_2018","tipo":"fiscal"}
{"_from":"nodos_magistrados\/PICARDI_FRANCO_EDUARDO","_to":"nodos_causas\/CFP_8507_2009","tipo":"fiscal"}
{"_from":"nodos_magistrados\/GONZALEZ_RAMIRO","_to":"nodos_causas\/CFP_10732_2016","tipo":"fiscal"}
{"_from":"nodos_magistrados\/GONZALEZ_RAMIRO","_to":"nodos_causas\/CFP_4748_2021","tipo":"fiscal"}
{"_from":"nodos_magistrados\/GONZALEZ_RAMIRO","_to":"nodos_causas\/CFP_3518_2006","tipo":"fiscal"}
{"_from":"nodos_magistrados\/POLLICITA_GERARDO_DAVID","_to":"nodos_causas\/CFP_8390_2010","tipo":"fiscal"}
{"_from":"nodos_magistrados\/GONZALEZ_RAMIRO","_to":"nodos_causas\/CFP_4626_2012","tipo":"fiscal"}
{"_from":"nodos_magistrados\/OCHOA_MARIA_PALOMA","_to":"nodos_causas\/CFP_7084_2016","tipo":"fiscal"}
{"_from":"nodos_magistrados\/GONZALEZ_RAMIRO","_to":"nodos_causas\/CPE_862_2016","tipo":"fiscal"}
{"_from":"nodos_magistrados\/POLLICITA_GERARDO_DAVID","_to":"nodos_causas\/CPE_834_2016","tipo":"fiscal"}
{"_from":"nodos_magistrados\/MANGANO_MARIA_ALEJANDRA","_to":"nodos_causas\/CPE_688_2018","tipo":"fiscal"}
{"_from":"nodos_magistrados\/POLLICITA_GERARDO_DAVID","_to":"nodos_causas\/CPE_351_2018","tipo":"fiscal"}
{"_from":"nodos_magistrados\/MANGANO_MARIA_ALEJANDRA","_to":"nodos_causas\/CPE_448_2019","tipo":"fiscal"}
{"_from":"nodos_magistrados\/MANGANO_MARIA_ALEJANDRA","_to":"nodos_causas\/CPE_1895_2018","tipo":"fiscal"}
{"_from":"nodos_magistrados\/MANGANO_MARIA_ALEJANDRA","_to":"nodos_causas\/CPE_352_2018","tipo":"fiscal"}
{"_from":"nodos_magistrados\/GONZALEZ_RAMIRO","_to":"nodos_causas\/CFP_20986_2018","tipo":"fiscal"}
{"_from":"nodos_magistrados\/GONZALEZ_RAMIRO","_to":"nodos_causas\/CFP_20990_2018","tipo":"fiscal"}
{"_from":"nodos_magistrados\/POLLICITA_GERARDO_DAVID","_to":"nodos_causas\/CPE_286_2019","tipo":"fiscal"}
{"_from":"nodos_magistrados\/POLLICITA_GERARDO_DAVID","_to":"nodos_causas\/CPE_2037_2017","tipo":"fiscal"}
{"_from":"nodos_magistrados\/POLLICITA_GERARDO_DAVID","_to":"nodos_causas\/CPE_350_2018","tipo":"fiscal"}
{"_from":"nodos_magistrados\/POLLICITA_GERARDO_DAVID","_to":"nodos_causas\/CFP_20332_2018","tipo":"fiscal"}
{"_from":"nodos_magistrados\/POLLICITA_GERARDO_DAVID","_to":"nodos_causas\/CFP_1295_2019","tipo":"fiscal"}
{"_from":"nodos_magistrados\/POLLICITA_GERARDO_DAVID","_to":"nodos_causas\/CFP_18986_2018","tipo":"fiscal"}
{"_from":"nodos_magistrados\/POLLICITA_GERARDO_DAVID","_to":"nodos_causas\/CFP_18559_2018","tipo":"fiscal"}
{"_from":"nodos_magistrados\/POLLICITA_GERARDO_DAVID","_to":"nodos_causas\/CFP_20333_2018","tipo":"fiscal"}
{"_from":"nodos_magistrados\/GONZALEZ_RAMIRO","_to":"nodos_causas\/CFP_5115_2021","tipo":"fiscal"}
{"_from":"nodos_magistrados\/STORNELLI_CARLOS_ERNESTO","_to":"nodos_causas\/CFP_14375_2009","tipo":"fiscal"}
{"_from":"nodos_magistrados\/MARIJUAN_GUILLERMO_FERNANDO","_to":"nodos_causas\/CFP_8783_2016","tipo":"fiscal"}
{"_from":"nodos_magistrados\/GONZALEZ_RAMIRO","_to":"nodos_causas\/CFP_3722_2021","tipo":"fiscal"}
{"_from":"nodos_magistrados\/GONZALEZ_RAMIRO","_to":"nodos_causas\/CFP_3646_2021","tipo":"fiscal"}
{"_from":"nodos_magistrados\/STORNELLI_CARLOS_ERNESTO","_to":"nodos_causas\/CFP_4143_2021","tipo":"fiscal"}
{"_from":"nodos_magistrados\/OCHOA_MARIA_PALOMA","_to":"nodos_causas\/CFP_1390_2016","tipo":"fiscal"}
{"_from":"nodos_magistrados\/OCHOA_MARIA_PALOMA","_to":"nodos_causas\/CCC_34638_2012","tipo":"fiscal"}
{"_from":"nodos_magistrados\/PICARDI_FRANCO_EDUARDO","_to":"nodos_causas\/CFP_4226_2021","tipo":"fiscal"}
{"_from":"nodos_magistrados\/DELGADO_FEDERICO_JOSE","_to":"nodos_causas\/CCC_56103_2014","tipo":"fiscal"}
{"_from":"nodos_magistrados\/GONZALEZ_RAMIRO","_to":"nodos_causas\/CFP_2990_2016","tipo":"fiscal"}
{"_from":"nodos_magistrados\/TAIANO_EDUARDO_RAUL","_to":"nodos_causas\/CFP_7139_2009","tipo":"fiscal"}
{"_from":"nodos_magistrados\/DELGADO_FEDERICO_JOSE","_to":"nodos_causas\/CFP_9949_2020","tipo":"fiscal"}
{"_from":"nodos_magistrados\/GONZALEZ_RAMIRO","_to":"nodos_causas\/CFP_3689_2021","tipo":"fiscal"}
{"_from":"nodos_magistrados\/POLLICITA_GERARDO_DAVID","_to":"nodos_causas\/CPE_551_2017","tipo":"fiscal"}
{"_from":"nodos_magistrados\/TAIANO_EDUARDO_RAUL","_to":"nodos_causas\/CFP_2848_2013","tipo":"fiscal"}
{"_from":"nodos_magistrados\/MARIJUAN_GUILLERMO_FERNANDO","_to":"nodos_causas\/CFP_6025_2016","tipo":"fiscal"}
{"_from":"nodos_magistrados\/GONZALEZ_RAMIRO","_to":"nodos_causas\/CFP_16427_2016","tipo":"fiscal"}
{"_from":"nodos_magistrados\/DELGADO_FEDERICO_JOSE","_to":"nodos_causas\/CFP_9828_2017","tipo":"fiscal"}
{"_from":"nodos_magistrados\/GONZALEZ_RAMIRO","_to":"nodos_causas\/CCC_76359_1996","tipo":"fiscal"}
{"_from":"nodos_magistrados\/PICARDI_FRANCO_EDUARDO","_to":"nodos_causas\/CFP_14071_2017","tipo":"fiscal"}
{"_from":"nodos_magistrados\/STORNELLI_CARLOS_ERNESTO","_to":"nodos_causas\/CFP_3927_2011","tipo":"fiscal"}
{"_from":"nodos_magistrados\/GONZALEZ_RAMIRO","_to":"nodos_causas\/CFP_3530_2021","tipo":"fiscal"}
{"_from":"nodos_magistrados\/OCHOA_MARIA_PALOMA","_to":"nodos_causas\/CFP_5041_2018","tipo":"fiscal"}
{"_from":"nodos_magistrados\/POLLICITA_GERARDO_DAVID","_to":"nodos_causas\/CFP_4075_2012","tipo":"fiscal"}
{"_from":"nodos_magistrados\/MANGANO_MARIA_ALEJANDRA","_to":"nodos_causas\/CFP_5543_2015","tipo":"fiscal"}
{"_from":"nodos_magistrados\/GONZALEZ_RAMIRO","_to":"nodos_causas\/CFP_18305_2016","tipo":"fiscal"}
{"_from":"nodos_magistrados\/MARIJUAN_GUILLERMO_FERNANDO","_to":"nodos_causas\/CFP_8810_2016","tipo":"fiscal"}
{"_from":"nodos_magistrados\/MARIJUAN_GUILLERMO_FERNANDO","_to":"nodos_causas\/CFP_743_2015","tipo":"fiscal"}
{"_from":"nodos_magistrados\/DELGADO_FEDERICO_JOSE","_to":"nodos_causas\/CFP_2446_2018","tipo":"fiscal"}
{"_from":"nodos_magistrados\/POLLICITA_GERARDO_DAVID","_to":"nodos_causas\/CFP_9722_2016","tipo":"fiscal"}
{"_from":"nodos_magistrados\/OCHOA_MARIA_PALOMA","_to":"nodos_causas\/CFP_579_2020","tipo":"fiscal"}
{"_from":"nodos_magistrados\/POLLICITA_GERARDO_DAVID","_to":"nodos_causas\/CFP_1219_2009","tipo":"fiscal"}
{"_from":"nodos_magistrados\/PICARDI_FRANCO_EDUARDO","_to":"nodos_causas\/CFP_917_2012","tipo":"fiscal"}
{"_from":"nodos_magistrados\/PICARDI_FRANCO_EDUARDO","_to":"nodos_causas\/CFP_12360_2015","tipo":"fiscal"}
{"_from":"nodos_magistrados\/POLLICITA_GERARDO_DAVID","_to":"nodos_causas\/CFP_14623_2018","tipo":"fiscal"}
{"_from":"nodos_magistrados\/POLLICITA_GERARDO_DAVID","_to":"nodos_causas\/CFP_7181_2014","tipo":"fiscal"}
{"_from":"nodos_magistrados\/POLLICITA_GERARDO_DAVID","_to":"nodos_causas\/CFP_13233_2001","tipo":"fiscal"}
{"_from":"nodos_magistrados\/TAIANO_EDUARDO_RAUL","_to":"nodos_causas\/CFP_1209_2016","tipo":"fiscal"}
{"_from":"nodos_magistrados\/MARIJUAN_GUILLERMO_FERNANDO","_to":"nodos_causas\/CFP_13547_2016","tipo":"fiscal"}
{"_from":"nodos_magistrados\/MANGANO_MARIA_ALEJANDRA","_to":"nodos_causas\/CFP_5105_2017","tipo":"fiscal"}
{"_from":"nodos_magistrados\/MANGANO_MARIA_ALEJANDRA","_to":"nodos_causas\/CFP_543_2020","tipo":"fiscal"}
{"_from":"nodos_magistrados\/OCHOA_MARIA_PALOMA","_to":"nodos_causas\/CFP_16595_2016","tipo":"fiscal"}
{"_from":"nodos_magistrados\/BASSO_SEBASTIAN_LORENZO","_to":"nodos_causas\/FSM_47004993_2013","tipo":"fiscal"}
{"_from":"nodos_magistrados\/MARIJUAN_GUILLERMO_FERNANDO","_to":"nodos_causas\/CFP_8325_2013","tipo":"fiscal"}
{"_from":"nodos_magistrados\/RIVOLO_CARLOS_ALBERTO","_to":"nodos_causas\/CFP_4059_2012","tipo":"fiscal"}
{"_from":"nodos_magistrados\/POLLICITA_GERARDO_DAVID","_to":"nodos_causas\/CFP_11904_2014","tipo":"fiscal"}
{"_from":"nodos_magistrados\/GONZALEZ_RAMIRO","_to":"nodos_causas\/CFP_6225_2015","tipo":"fiscal"}
{"_from":"nodos_magistrados\/POLLICITA_GERARDO_DAVID","_to":"nodos_causas\/CFP_5396_2020","tipo":"fiscal"}
{"_from":"nodos_magistrados\/GONZALEZ_RAMIRO","_to":"nodos_causas\/CPE_723_2016","tipo":"fiscal"}
{"_from":"nodos_magistrados\/MANGANO_MARIA_ALEJANDRA","_to":"nodos_causas\/CFP_8314_2020","tipo":"fiscal"}
{"_from":"nodos_magistrados\/STORNELLI_CARLOS_ERNESTO","_to":"nodos_causas\/CFP_11847_2016","tipo":"fiscal"}
{"_from":"nodos_magistrados\/POLLICITA_GERARDO_DAVID","_to":"nodos_causas\/CFP_8892_2014","tipo":"fiscal"}
{"_from":"nodos_magistrados\/POLLICITA_GERARDO_DAVID","_to":"nodos_causas\/CFP_7832_2014","tipo":"fiscal"}
{"_from":"nodos_magistrados\/TAIANO_EDUARDO_RAUL","_to":"nodos_causas\/CFP_6689_2016","tipo":"fiscal"}
{"_from":"nodos_magistrados\/MARIJUAN_GUILLERMO_FERNANDO","_to":"nodos_causas\/CFP_1576_2016","tipo":"fiscal"}
{"_from":"nodos_magistrados\/STORNELLI_CARLOS_ERNESTO","_to":"nodos_causas\/CFP_3563_2018","tipo":"fiscal"}
{"_from":"nodos_magistrados\/STORNELLI_CARLOS_ERNESTO","_to":"nodos_causas\/CFP_11240_2018","tipo":"fiscal"}
{"_from":"nodos_magistrados\/DELGADO_FEDERICO_JOSE","_to":"nodos_causas\/CFP_3169_2015","tipo":"fiscal"}
{"_from":"nodos_magistrados\/TAIANO_EDUARDO_RAUL","_to":"nodos_causas\/CFP_7544_2010","tipo":"fiscal"}
{"_from":"nodos_magistrados\/","_to":"nodos_causas\/CFP_95_2015","tipo":"fiscal"}
{"_from":"nodos_magistrados\/TAIANO_EDUARDO_RAUL","_to":"nodos_causas\/CFP_3417_2015","tipo":"fiscal"}
{"_from":"nodos_magistrados\/MARIJUAN_GUILLERMO_FERNANDO","_to":"nodos_causas\/CFP_4404_2015","tipo":"fiscal"}
{"_from":"nodos_magistrados\/TAIANO_EDUARDO_RAUL","_to":"nodos_causas\/CCC_7719_2013","tipo":"fiscal"}
{"_from":"nodos_magistrados\/RIVOLO_CARLOS_ALBERTO","_to":"nodos_causas\/CFP_5208_2014","tipo":"fiscal"}
{"_from":"nodos_magistrados\/POLLICITA_GERARDO_DAVID","_to":"nodos_causas\/CFP_1238_2014","tipo":"fiscal"}
{"_from":"nodos_magistrados\/GONZALEZ_RAMIRO","_to":"nodos_causas\/CPE_1480_2016","tipo":"fiscal"}
{"_from":"nodos_magistrados\/POLLICITA_GERARDO_DAVID","_to":"nodos_causas\/CFP_1363_2014","tipo":"fiscal"}
{"_from":"nodos_magistrados\/MARIJUAN_GUILLERMO_FERNANDO","_to":"nodos_causas\/CFP_1582_2016","tipo":"fiscal"}
{"_from":"nodos_magistrados\/MARIJUAN_GUILLERMO_FERNANDO","_to":"nodos_causas\/CFP_1584_2016","tipo":"fiscal"}
{"_from":"nodos_magistrados\/STORNELLI_CARLOS_ERNESTO","_to":"nodos_causas\/CFP_15193_2009","tipo":"fiscal"}
{"_from":"nodos_magistrados\/MARIJUAN_GUILLERMO_FERNANDO","_to":"nodos_causas\/CFP_1583_2016","tipo":"fiscal"}
{"_from":"nodos_magistrados\/OCHOA_MARIA_PALOMA","_to":"nodos_causas\/CCC_41899_2015","tipo":"fiscal"}
{"_from":"nodos_magistrados\/POLLICITA_GERARDO_DAVID","_to":"nodos_causas\/CFP_14633_2015","tipo":"fiscal"}
{"_from":"nodos_magistrados\/MARIJUAN_GUILLERMO_FERNANDO","_to":"nodos_causas\/CFP_837_2015","tipo":"fiscal"}
{"_from":"nodos_magistrados\/TAIANO_EDUARDO_RAUL","_to":"nodos_causas\/CFP_6842_2013","tipo":"fiscal"}
{"_from":"nodos_magistrados\/OCHOA_MARIA_PALOMA","_to":"nodos_causas\/CFP_883_2022","tipo":"fiscal"}
{"_from":"nodos_magistrados\/OCHOA_MARIA_PALOMA","_to":"nodos_causas\/CFP_878_2022","tipo":"fiscal"}
{"_from":"nodos_magistrados\/OCHOA_MARIA_PALOMA","_to":"nodos_causas\/CFP_836_2022","tipo":"fiscal"}
{"_from":"nodos_magistrados\/OCHOA_MARIA_PALOMA","_to":"nodos_causas\/CFP_471_2022","tipo":"fiscal"}
{"_from":"nodos_magistrados\/OCHOA_MARIA_PALOMA","_to":"nodos_causas\/CFP_459_2022","tipo":"fiscal"}
{"_from":"nodos_magistrados\/OCHOA_MARIA_PALOMA","_to":"nodos_causas\/CFP_409_2022","tipo":"fiscal"}
